{"version":14,"hash":{"type":"Buffer","data":"b2tLsHvOWl1t3m6O5+sYW7fnzOUqCdFI0ofVJ1G4DVqgNvR6JduyIOCvqPONBqPRIE9B7PilFNMr8+5qxbnsnm4+Dp00dW0yx4Hd0/tBDdMC878GRq8f+66MBONLHMFPqA6KMNJDj2gxBCeJzWbXvlqBZgXII5XpvIaZwU1wvyw="},"indexValueMap":{"A8xhhDOcUGqLgfhWz0f1AxWciiHy2SEVOjpVWI+sw4A=":{"valueMac":{"type":"Buffer","data":"G7f1uoGSdWFrPV5XotrtUuvy5V+o+YEH7Ols19BSY6A="}},"B3gsS9G3Qwr+SU1wwyzxwPa+kpXeZ/4quomQUZ2nHeQ=":{"valueMac":{"type":"Buffer","data":"FSA7hoA3mXlYycl248Opg+v46vcBGrOaCjLk0N5btsU="}},"CGO8CsDzl6tGsQiTqX+vvKq//bOfuQEuHJzRgdvc3WI=":{"valueMac":{"type":"Buffer","data":"LVIXjdaayOzFh2iYyZsvubCu3aEgUQW5jhvhmJCHiGE="}},"ClXFM4FUML4cYYC2DtEAx++vSNi2JEgUhrWJeShPYnw=":{"valueMac":{"type":"Buffer","data":"8gr48RiIV8kgPOZJWrh+5tPnLnyXe4rgcC3OEivkbhg="}},"CteiRxMdhmMLipcqqjUS+xajR/H86JvdED7p9k0X6qA=":{"valueMac":{"type":"Buffer","data":"O9MolgL2f3uzsGvxMViZDW8vcrF0zf91Bo4YqSjW4cw="}},"EJwo1Cu1z74bRoznumK0t0hZEeD0sRR+OoFeGnAD+OU=":{"valueMac":{"type":"Buffer","data":"NXqjF8HJwLV7iwk2hYOeEsaKEfUBjVvMrVpw9f8IxNw="}},"EuCEHG00/0UecNDIrP91Q1bZQ99Hkxe/0AmPEU50/Y4=":{"valueMac":{"type":"Buffer","data":"umbjyGHeHCkTh5OmxtcIKLooArVip/NN+oGb5hFkdx0="}},"GTfKJRLiepW5+PuiteF/I0R74gCEcz8zP5qQjMjg56g=":{"valueMac":{"type":"Buffer","data":"ws6syMdGVN/vcGjeCKie1tV2T16rrJDdJgxClyqbgoE="}},"GZ8p/RHY3g/cozMRVRqZ+eKVepuVpR1aF51XFvW3wpY=":{"valueMac":{"type":"Buffer","data":"E1eAdCqsyHcnyphzuDtGoWzmf1iEA/ly/cKBRpbvXUs="}},"KHsc6OtcX6Ft7Jkq/TRGmM2MWwQ+IXoMfSQu2/csGyk=":{"valueMac":{"type":"Buffer","data":"ibhH7mPCe/d4HiVRtjvLyVaKEwJMZM1+D8GjH9dfpR8="}},"LCc2yJfly/D6V0glhhUDXLckuztoHa1NzUrhNtcqniw=":{"valueMac":{"type":"Buffer","data":"3tqv26xzXjTgwqcmZ1RpeDTB4BkLCWam+6pdczJhE2c="}},"MbyfoiZjaicuip14Al1iHpAZKyLqeHvSH2fcUhcod9s=":{"valueMac":{"type":"Buffer","data":"/N2Mwy4J7V0v32jcsTSfBlqMOFbmlrLqQmvQ2Cu0CkE="}},"NI5Ws2Su+ijVXA2nGbE4yj/6mTmiTrnKRn5rBmt8Yh8=":{"valueMac":{"type":"Buffer","data":"34s6DLrZ3qFVFrNSoiceoUhet7OqtS90k0M0elelUdw="}},"NI9ElKZjmAy8EjpMUpSXD3uzjUIPvDuw66YYOpORQRg=":{"valueMac":{"type":"Buffer","data":"nq7uEMg0TwznpUPJKtDS+7LTATg+DMiO5E/DvfeqWSU="}},"PKMHcLBQ0VLOXpqvOsRox0ZRMk6Q5LTgA2gZ0S6Ze7A=":{"valueMac":{"type":"Buffer","data":"E1SUJn3J3egrzPN9zrXcv8aKKj+IdMZSjgd/VMwUIKw="}},"PhWnmsxfFC/wOja3kdA6Tm1BqKBLIlphtmOWM6Ex/64=":{"valueMac":{"type":"Buffer","data":"mgJh4qRmoj4uO9MC9x63D1VAyzYwmWiwAggpcnVovAs="}},"R+fEh8fDoL/dsf2W9GNyGkswRNuhp7sKOvAb97rdKgk=":{"valueMac":{"type":"Buffer","data":"F8xomDV/3ciqqDO1qaM2JpmrmHrE4XuRXiv+8WPDMnI="}},"UF+vqMVu1YDjDDwHdf45il9YAChFCeEQEAcQBuXDsQY=":{"valueMac":{"type":"Buffer","data":"84MYIoYw89Pdpg9hCNqx853DcqjdvcZWfsc5op68ak8="}},"UGsoNCZmm5REzdINkBsV4QSpwV6WjVZiZs+kiKuDDs0=":{"valueMac":{"type":"Buffer","data":"DhG2VbtH3Z+3nqs6VgjGdbM58eu9gQV22gnfm58GxKE="}},"UQD4+uzeRq47DB+Jg+gAflc3pp77uueA2ent88TcVAg=":{"valueMac":{"type":"Buffer","data":"cSK6dT9DFmI7SYL5vOZkCK++WspYXx5QY39LW3+QTYI="}},"VmFGIV3T7La2NSs+vGXXY5q1csTkjFuXe+dUoaZaFAA=":{"valueMac":{"type":"Buffer","data":"C2Q2czVjV2iF4qwY7fnkSldYaQpnPVGHio8NhktyQac="}},"XmK/R5cgqu3eqX0OQqKE3uHQagd1pRSz75J0PtIKBfw=":{"valueMac":{"type":"Buffer","data":"8c1IuMbfljkYbQy7K9+/ZBhqxjIyiKJkibfPWeE+u+Y="}},"Yy4LFk+NOY20KlErDnepi+hncjiwcMmh3LGP4BUkfVs=":{"valueMac":{"type":"Buffer","data":"ZQF7pDu607Q9ZEz6pn0fjps/ZmE/i+cSviI0t0Dx+YM="}},"aXC3vcxhWxpaHRMEnJlJT8V+VbXhS5Z6wEQwlYUqTsU=":{"valueMac":{"type":"Buffer","data":"QpPrZhtNCYkXbjMTk+ev/EAeF4bagYe1/Lez5YOj92k="}},"atcsi7TIWubGyzS2usG2I74wmlgcUoH1HvXAW4fn4Lg=":{"valueMac":{"type":"Buffer","data":"FYM1VLm3xP8gHapoCcWWWLh2mQ7rp/I1DpsxI+u3aL8="}},"bdd08zsNkHiQQugDGoRRKQlUKDURqqGAknpRlcQnT+A=":{"valueMac":{"type":"Buffer","data":"a2W5YRgVErUnxuRZWN+JgX9+6Cw+JuSvH6nSsUYxc0w="}},"cNM3cNy1f4oDyeYB7AR4voQznJjv7JRuH5L35h0rreo=":{"valueMac":{"type":"Buffer","data":"k0JkjY8zGR2R9WeSvKPQ73qrbzZXrQfvUcgzfWIQ4X4="}},"dMEx+GzxuNqWeFn2Vt0KUR/hcMY8Au7rSH4FD80Fzco=":{"valueMac":{"type":"Buffer","data":"c1SlinWFx204RnCI7UzfThbKsllXGapabHW5Y4Q37Po="}},"dZFIP/kDoS+rbQ8aFfa8l24DUoSvX6nrVB/BOKqSSwk=":{"valueMac":{"type":"Buffer","data":"iZf64a9O27Tb+oRIZOYpz7P3F6rVqJzCHQ9CHF04evw="}},"f8gf4W6JoJU5rLinpDjnWRUgHe0Xo2SOl44lOct5uoI=":{"valueMac":{"type":"Buffer","data":"g81kk2boo6dFM1MXSUg4N76B3VHeCATKE4Pyjj8F7RU="}},"hIlTnPOELJ2YASzAvuMRAFm2/Q9lQhVpiqSZSde0zhY=":{"valueMac":{"type":"Buffer","data":"mAH+BRnbRwSszm9NMSGFtNg0rPAJurdbGqeqLImy1xE="}},"iAACgQNcF8Komw7mMYfJOYhJKSDqQbb7h+/jlMvv0P0=":{"valueMac":{"type":"Buffer","data":"tsDFRnCb8WJrZih8LXPbF9lnI3eYPi0NqaPcEyLZ+xQ="}},"i42+60yhqwjeH4QHPpMUEAE2jf3AukWbIaRzl2SoLAo=":{"valueMac":{"type":"Buffer","data":"5DjjxLumfzuD2eltSFqWvyYPwRQcwSlieToalgxkn+g="}},"j0sGQy2R818+t2uzWY7fTFu+wK+PERndYKt/xlPClos=":{"valueMac":{"type":"Buffer","data":"8WUdCEqWnwFtbxV2UGpa1gC+qQx80FThgA2t5Tz7W7U="}},"kGKJjnbf5XnyO8EQIsDknrGyYKFxcdHKIA4UYfonlIs=":{"valueMac":{"type":"Buffer","data":"PlQkjhJgTEJWt/0gpH15h+n4Bc/UVsNMbCs2DNoSuDE="}},"k/Cx9j69oZbGErZCBXf5rgwV5ypIzfD4xv7FcHHqkqU=":{"valueMac":{"type":"Buffer","data":"Lf3GFauFmRG2EVjTvsWACLdxF3F5yjvrOO6vhIOjFw4="}},"mpIqvirJUTXjfcMw1xOONzgWVuhPgwv/kyDOHipee+E=":{"valueMac":{"type":"Buffer","data":"tQxeOVxHs3/StlgHdHiSk8+avLzVZBiKlDh5EaHyrMk="}},"oAXIIOqv/QURSJIt7+028jEVY4jgkfwv4DzMRNF9AHA=":{"valueMac":{"type":"Buffer","data":"2f/g1QPlad+5Yfl0P/Jx44IZFZ/Unb8g96puWxFE2RQ="}},"oO1Wm6mmMH9vCv5uuj38w0MgmITeqymJ7EQNHC75L1Q=":{"valueMac":{"type":"Buffer","data":"74iE37E19U1rjzQv1Zmx0XJYpC07lm7zg9U7WCb4+48="}},"o5weLI/y5vvdYR0rHU834oN+CLEavfpxLN9HJp6HEno=":{"valueMac":{"type":"Buffer","data":"Z5Gc3BdClOPBlLVCn8GndzFcFbFXcwZyO9IOlz+AULs="}},"pzrlO2LcOpsoh+rEWIOF5Cf5QR33Jon/PGHcQSVVG5A=":{"valueMac":{"type":"Buffer","data":"rXBandsl8pDbCFYn73nRJIKwDUq1MO/48woSP5/QIHA="}},"qK7CxNGbe4dg4oZj2uwTMPiHNA7iQti/CB+cbGJztnE=":{"valueMac":{"type":"Buffer","data":"55xBojyApBEVO4i7E3u+9ICLdG59HQerRvZ3YzeENoI="}},"qMLWS4fQDe20tbxGp2TvKmD0wLMLhSPcYOem5O7EngI=":{"valueMac":{"type":"Buffer","data":"HU8RAcXmJxC6K7DbyaK55bU9LJ19DaVHhhXajpFh4Ao="}},"tmiYGtBf7FYYOKAKDZ3uctCj9TIPe/Q3G9washrmcn4=":{"valueMac":{"type":"Buffer","data":"6ddeARFcd5eA6RclgThDol6cd5ukyIv/tmeGt0YQ8f0="}},"tv6dG8e+lyuEwDuTo0ri3gyTBzHFINdt8MmC1v3qdYk=":{"valueMac":{"type":"Buffer","data":"jev3EGRbEOATwAROOXy7dOM9CXVzndMlXGEGc3r1UsY="}},"twyz0gYe/tjpbYIAeMC1VahJAzxyx0q7FaICJtyOjj8=":{"valueMac":{"type":"Buffer","data":"nUz5Zp/Vm4J9GqfGZ/in99XpNoOSvmrIqBKY9OaTWEU="}},"uQRmoSfPV2SPB/Df90Ma15JGdAdvd/Kcns33Bq6ursU=":{"valueMac":{"type":"Buffer","data":"OIPLQ8WDVlsWlSmqkaAQtBmMTLtO/HTffWLxUzi9FOU="}},"xxB1tHR92QPIXK8922Fhnilg9cJOHYOteEAY9IXEyRE=":{"valueMac":{"type":"Buffer","data":"fn/BfgAktw6Q8kqjC6n1udAMSmIqBXB20PkAkRd9+oo="}},"zDQLLi9T1lATTJqjJVLK/pKFsqPt2QHNUT+1BcZ6GH4=":{"valueMac":{"type":"Buffer","data":"yOjmNvebeFzLev8B0oTntJ0/qTvaMsy+DAuYoYstrjM="}},"0ecjs4D84LYH7gi/vN44jOQPhftMvznaBQPhhAK3/GM=":{"valueMac":{"type":"Buffer","data":"RLsZDkRJZgYidVhyD8UllA6KGkHUdBJSzUVBo5YE93o="}},"2Uy3VJ1cWMJPiijYqPzVn5pQt48zJHRhN99ZkB05LqY=":{"valueMac":{"type":"Buffer","data":"KsKrqju2aR0RkHMv6DKJp1KurMcUEKylq7zvjviBsko="}},"27Qmc4rBqi1hF+N93DCqmbktI+H2Wnw4eI745bNJbVk=":{"valueMac":{"type":"Buffer","data":"VHirafze9UD4FwDJlQHlcPGMOnPPvD8bDClcNJNP0Q0="}},"3pFijHPP3M83VJgbYgoH2zOpgEyoYmcHmlnjaPxTLuc=":{"valueMac":{"type":"Buffer","data":"WweqT20Ay7KeE4BV01MzW/54orj5xi3gZEjaCsgGEWE="}},"3xXEyZs2SNeJiZtuaL+F0a3bdh3aVy8EMDt5X/xfe/w=":{"valueMac":{"type":"Buffer","data":"fwh6G1E/1ptCdnA5TIKeu5Z5O7qiLYYOBkYPCo7NHGk="}},"4myEO8WlHKz/McCiKGmcQ+x8MajYKDs//qLQEqywJnk=":{"valueMac":{"type":"Buffer","data":"fUzPkIvHI8j3avLtT0Wn62b1pa3iCfwcZkdQL6LJM50="}},"7jwmlM+241wUn3dld5AqizokZIdGBmd72eBnEIRCqj4=":{"valueMac":{"type":"Buffer","data":"ZGj3sWYxAA4yqQv3ESK08ZxvFLJhU8eSse+b0/7jOSc="}},"7os9pjwTpKEVvAxnjJpC44AIfpkrag1xMiC7mmYMXWw=":{"valueMac":{"type":"Buffer","data":"XZaOHuWwaQ0B2XvTRFUxehjLiEQgRtydDBa96rYyMKM="}},"9fNVQvOK1OmoohARHHvKPbKiuWW+ah7ZezAAOx8wCck=":{"valueMac":{"type":"Buffer","data":"qM1jbyBXWwz9Xn8uaCPgYABQsKL5KYkRxL1vPjUj+ds="}},"+GlTo+8vvNUTs0h5Zar4f3lbL5Yl9i9YQoNpF2ucOTU=":{"valueMac":{"type":"Buffer","data":"fVxHt0MfHFrti22Pr/poYOz9w/IxRkx2Sj1DQeIYhOw="}},"+rQcMFtwYDv2Kgy1wGFxW3sichJnKFHbg6NLiHfa1No=":{"valueMac":{"type":"Buffer","data":"0q5L/7+WrmD3+WWzO36TuM9it+YxWZhbqnNQ5Qpfm6E="}},"+y/yxmqoYK2445PwgfhgwW6RWAaj/oBL9BrfyR+IHik=":{"valueMac":{"type":"Buffer","data":"SnEmGAxdAiNbLkYnYD64zzj0bjNqAavhF33jsiWKgVw="}},"/ErV9b81+CkcvjKMK1wOdzOefsjtpdqE+TPPXbPZDOI=":{"valueMac":{"type":"Buffer","data":"hgPVJHO2RV/AbfSqtGZw+buc7IKqCoaPD91XfJpuNkk="}},"6Jf3OjTeih0R9laE31qBuFn+XirWd2y1ic2NWi3llqo=":{"valueMac":{"type":"Buffer","data":"ababqxCCXcEKYc+loTj8EVFIolutFyGlm6MVDqhJ1B0="}},"lwuj9xWTvfqBCuuR2fUoNwhR/YDxK065cboP2dBX588=":{"valueMac":{"type":"Buffer","data":"OMBRaTjhXmV4+mZ5xCdcr1jmfRy6Av7tAGTDGAJ/+G0="}},"QAggY6msj6dltsYUoK/Pjsdz4XTnAPis2K24eqFPsIw=":{"valueMac":{"type":"Buffer","data":"BBOL4z6dsHvr+pwpadxrNYmgtVwlPmhbxyZoYIcGq0A="}},"MNk+kSVjw76MT+JI82higSJzI+RSyUKMC9Rdjv3xyHc=":{"valueMac":{"type":"Buffer","data":"U4C0vyem5pX1XHGaDeSAUykaSb3RQ/VJ0UQ0c41CCgc="}},"XoYh/KAdCw0bvTmETXDPAirmDSjAv7DXqID1zrUuuMA=":{"valueMac":{"type":"Buffer","data":"lRdbN9XN9kyy+gtgeEuln0oyG457iNfCtlzGxO36S+Q="}},"i9SHxKhAV077j6mX/FG8tCSq8Sb68S4ai1Lv1eWi0a8=":{"valueMac":{"type":"Buffer","data":"0Ck3RaiiSq8SGyWIfGkDpjZHxrJN9Q2XTO5rgWNoXgk="}},"8t5+q5S7zcBgvpDZQE3lnx+FlG7W2bpepNSTaACf9rk=":{"valueMac":{"type":"Buffer","data":"FcNGuOvRhhVHy3a89ZbNQ86mxnVfpVufakTakUb60OY="}},"e/zy3eUguS2m6t/0xCxMCrG91T6IXnhTCkEJzcFvWSo=":{"valueMac":{"type":"Buffer","data":"qNkYGhGYoz6D4jlQyXrn+BQqMV8HXnzFQ0U/8pPVhJY="}},"M5pf6vUJ8rwtj5ZWFkUtl4F1+EeiwM54Y9T/7xrx9AQ=":{"valueMac":{"type":"Buffer","data":"xR3TTsU9CNLu+YjYgqam7LQKFw312QxFnWPBKAmzJ38="}},"6+6LmXkc+SLWR7K+9yKpOVKCQBLG2JuwXua/gX5gXwg=":{"valueMac":{"type":"Buffer","data":"yvPBTCUzg+HvhNQbGLWjJ2SbMfqLSSUNVgYdG+wbHGo="}},"11ZO2pqDhoiHQbwVqrIvTDPq6/m8jhSIiSOgw9gnoIQ=":{"valueMac":{"type":"Buffer","data":"Cafsy8eynN2ZO2z+GUU+3M3CJxRKcf1AKE1Jpmxwvag="}},"nLFXTXDQufbp3PqnkUNvzoRaxo6Dkv6wEqYNLMgecvo=":{"valueMac":{"type":"Buffer","data":"hedVG4fr6+ZgFYJtm7Vrnj3D78Bl0xOqKP7iPsdXNuM="}},"p+iSGdGWXh8fRp/Po75eMldFKycY6LFc0zCPBsLpZOY=":{"valueMac":{"type":"Buffer","data":"uiCkwhBOKhDl6hCORz0nXLjTDM9NMIVsIjvNdr3UXdY="}}}}