{"noiseKey":{"private":{"type":"Buffer","data":"+JeB6rsDx1/GpSOlmoqR5NV+HmLbG30Y+aArcT6eTWQ="},"public":{"type":"Buffer","data":"Ordw6ZZjQFEUPxLYoKFP/4tOuS+sFgJOu/1vVYmLgj4="}},"pairingEphemeralKeyPair":{"private":{"type":"Buffer","data":"CD5e+s09fRn5ZRIUSAVqspvn8d7XJEGTJPVx5sd08lA="},"public":{"type":"Buffer","data":"pjuMG7KTu6R8MKKlflfl2detntdqqhg8GzUX4IZI8z4="}},"signedIdentityKey":{"private":{"type":"Buffer","data":"8Lu6GH8bRI0tYp8Ea5HE6cvK2EqIFk+lO3hkaSNK6Xs="},"public":{"type":"Buffer","data":"26+fhjae5Dz7Lc/GE15QiBtk5O74o4BemH6V3xTklgY="}},"signedPreKey":{"keyPair":{"private":{"type":"Buffer","data":"IGWOqUS9b3qkt7wJo8CL+pLAYiYjCx9+litMhfw3GHg="},"public":{"type":"Buffer","data":"kA0dJyEbt+AV+wkCbOUVsyNwgkMF00lFUbft8G/U73E="}},"signature":{"type":"Buffer","data":"SvTC47Z867++yB2iSG+ShEFuDKxo6MPeOrGmOJSHdSehKuwiPjtq15OyL9SHP7jEs6uhJSaNDVszRyiH23NBiw=="},"keyId":1},"registrationId":67,"advSecretKey":"mmjbUkTFaB2LoCeid14OFtQq+DAtVkl41PNBbgMHW4o=","processedHistoryMessages":[],"nextPreKeyId":813,"firstUnuploadedPreKeyId":813,"accountSyncCounter":0,"accountSettings":{"unarchiveChats":false},"registered":false,"account":{"details":"CNSUlMYEEImw/8oGGAYgACgA","accountSignatureKey":"kUKsGlcuJLB6qx8WGzUk4adWSZw+TgQ8QICct+RQ7XI=","accountSignature":"XZjfSQN8ALMpg8izlno0NOv2c4EpGdLKxkCfmTcPvSwRXjv3BGXdYvrQlTGvVxAICcq6fJxuwcbm7mlCNPBpDw==","deviceSignature":"Y5ctYKEZUXmfcCuI2C/RHLClWd1Cnm6PgKVZFCBK3S8HIpXzuKW+gEJS9E005J4gXSS3+B5RRKxQXKrp3ky4jw=="},"me":{"id":"5214492899612:18@s.whatsapp.net","name":"Centro de cómputo","lid":"232289631998016:18@lid"},"signalIdentities":[{"identifier":{"name":"232289631998016:18@lid","deviceId":0},"identifierKey":{"type":"Buffer","data":"BZFCrBpXLiSweqsfFhs1JOGnVkmcPk4EPECAnLfkUO1y"}}],"platform":"smba","routingInfo":{"type":"Buffer","data":"CAgIBQgN"},"lastAccountSyncTimestamp":1767891105,"lastPropHash":"PWk5B","myAppStateKeyId":"AAAAAEPT"}