{"version":6,"hash":{"type":"Buffer","data":"aihVz/nfrmhUf5FPAMTY0OEotfkVHKKej7dERZMPcnuq1WYw5OcvoNvunmfngDB8YwfylvUDBgQRG1r3qnRjFq5Ji5vF/pLCmBrveUHbR7RoBSaxdl58Brue+vbaZATGRjMDpRVfnQr8ySoA6uWCk/bUHLtVdzETP6FISF/k/Vo="},"indexValueMap":{"Kh3/JAcvcN3pEcIyGA51EH/BXmfEmv+KqrIsmAu9+wg=":{"valueMac":{"type":"Buffer","data":"JOKGR5cXV0UbNCpiEDqt9Mt2Vqr0Bbps4xkDLuVqHiI="}},"Np3KvQcR3nBXGF4L+dT7pCHg4OoTe5epJ7GKmkf6XEg=":{"valueMac":{"type":"Buffer","data":"AtRpWFn4MUJRBHZIAwybkUQKuuTAjBaYrsJIG9ksGls="}},"UjUSnnbWiCF0Q+rtoB+Zj6OQDXxt3tGXVLWpzm/BnKM=":{"valueMac":{"type":"Buffer","data":"wSpD3ewD6qHs5oU19A1q9mjgft8WFudNXHq4C5jMsJk="}},"W5eTYWm7RSLAZBe0Am6JuTP5XghRqLfpS2L4IYOEeXc=":{"valueMac":{"type":"Buffer","data":"UZYghLDad8JR+cXrivrgNYbArKb1OLF0CPwlZKkFLf8="}},"e5lCpBAHiWQEzpkGQ0QEAxDrzKj8iA7Cs74MnF5ltwU=":{"valueMac":{"type":"Buffer","data":"QddqcWicUxX8iXY0Hm++FkYSQKoPQfRBHaY8nH/5e8Y="}},"iyXP8+xT/w1fX4xRIBcRRj+MPAe9AhC4AYeRWX6ZPjE=":{"valueMac":{"type":"Buffer","data":"XdeEKT001WqzafKmq324G4i98DeniQJueIs0JTP3DWU="}},"j/0G1CGsJjMXL4nNyG7JEiwIyy64p5WcXzvNDCqLY4s=":{"valueMac":{"type":"Buffer","data":"rg5JZmp1ZlM4CQWCXvVD/Leqehjbi6FEpHyRUzwPG9k="}}}}