{"version":18,"hash":{"type":"Buffer","data":"IjdSncicdPRGqlIu61XpvsyBW3FWEwx4C9gPrb6IGXIK2UKvOTHyjc+JhJI36D1wtlVFFkK4JP87UN0dn2c98lozszFKCGxfvcnd0ojdKZFMHWZu/NYb9rzj+bUIgpXoTm4fJMbbBMQ66JHcVoW51BzYlnoanJ1Wrq79dqSzNTA="},"indexValueMap":{"D0NmWDJNUdwFFvj+aLmUGCrYQgVdeVcRajuz11Dz2nk=":{"valueMac":{"type":"Buffer","data":"u76LNs+ZFGYPQ0lDCS0MNtYuqZurZGv2qVgRKLuk6BA="}},"Go78vZed7SBiy7Ix38UrgmOQ51JirD5waAi3N5CDqHA=":{"valueMac":{"type":"Buffer","data":"xEcwW3GT5Szuf7uXQJtVsRvhROh2b5RTpMrKh0NILfs="}},"J78JoawMJ1edaKoFGIg/NLFKgs4oe0P+WGdjkIGkwbM=":{"valueMac":{"type":"Buffer","data":"JQD6s4ez/Obe6K893srOlPN/zNzWeiOROO4T4Yqm7mw="}},"M7ATOQXOyCex6uSJQowKynWzhyKd2e3DbvnI56pn7Cw=":{"valueMac":{"type":"Buffer","data":"f9lr/E6dgqR+fQmZEGDDqhuYYrSzzDpqxQM1JX6+Ji4="}},"TQPzTZiKp7BQHm76bZiIVOc7obK0S/QyhNJW9wGoV8Y=":{"valueMac":{"type":"Buffer","data":"O8YG5+1/ENk//BEmrJW7sCFVnsaZfgIh+L59eURzEVM="}},"Ug04NbMRaXaQ8S49kKIkiSxXANG85bpDEwHA90x3HCg=":{"valueMac":{"type":"Buffer","data":"LhvpuoTMbZeNT5Zaj+kWomE1UTJ3BCGrERRYY9zD0qI="}},"fU4CcrD/I8BXnmJmYMcdV9OXbZhThz3KoFHKZ68XgTw=":{"valueMac":{"type":"Buffer","data":"ZYI20SZovdAjMpgOHy8iDbLhnsrez3qWDv/6cFXc2ss="}},"mnyeml+sYxOZ2aptnNufkyVgDEvSps6jSDGsQ6xQll8=":{"valueMac":{"type":"Buffer","data":"K8zU17DDovSIwTe3b93Lq7IiOg4lAMhgLByLzH3oGc0="}},"qE9iKE6MdGjbirgxQf25ZXL6SFjtnX06R4IUTYWnpxw=":{"valueMac":{"type":"Buffer","data":"rCSIgM2hdXsmljWFjuKbPdq9/Spvq7arYoPKNxwHfYg="}},"tc8nEkvKAtqbgaPZoH//M6Lkp57fmilKgYpn6ZtOPlo=":{"valueMac":{"type":"Buffer","data":"f9I+0E4aHTLJ4FM444m41BhhStBvEsZXNOLBB6pdexo="}},"4HFzo6jT2qgXijQLl9FUpsQmSteb+AOiggt5s8fDsXQ=":{"valueMac":{"type":"Buffer","data":"h1trKLld/C6Izp62nDMQ2f+r6HGbLl3qPcaS9pJXO4g="}},"QMR6A0AIP+Odgsv606mg8FL0p28DhBPrQd4ct7l6ALQ=":{"valueMac":{"type":"Buffer","data":"Ha5t/DdEPyP/8E0u27shmv8BN65sUwZnD/h+RN2Fs04="}},"3BANFODmfbtFBI9UAvV87eNm1cVjRLOe9pbfHu8ba7w=":{"valueMac":{"type":"Buffer","data":"Fsdt586qqPBG5rxZPxpCBlApJ1VUj3Dgeyk/Ned+f1E="}},"wPtL3UpG252OouIkTy0RGZn+p6ugPz7H4zrnrw/qphA=":{"valueMac":{"type":"Buffer","data":"yQI9Zj7HsX6g5M9SVGYHtZKijQklNAAttDpuWC425ug="}},"j3UmXk47LqXYsHY9d1UNML2cJrNLp2Z2Rw7QSFyBjsQ=":{"valueMac":{"type":"Buffer","data":"oPW64mBFODnIeuhnCjRf/Q1CvyIVPbafWRWguc/ilQg="}},"yARhkiBTigxwe/xlhrsMyJBfu39675z3lCPxzjyXz68=":{"valueMac":{"type":"Buffer","data":"0qBeuDOFqZAjTy4YLDx7L31cM4Et+ROMWnBIDgTcRBM="}}}}