{"version":23,"hash":{"type":"Buffer","data":"HrKTUlaOt7uFUkgihaHcROIqTRBjYxiRCMIC+3W8iaVVPQy9dSZ4eqq/ITJ142NKFqK6VsSEHXJAiJ1Dyo6Ap0DhbdkmEDf4lKp9+vbBBglS2Kw5bysYAW0rYvXHavTRLyK5ZX5jAuYP87/u1/4WOQ80JPxYCu2ZtZu4zxSpUJQ="},"indexValueMap":{"Cu34ynKkd1EOQK3oTsohTX8oyf5NP6BmQmQI9zVFVRU=":{"valueMac":{"type":"Buffer","data":"vUGjvzhqY4S/U/RuSGsH8+XrNry/f5y1imLk2qxoKco="}},"GjJCI13ahYVfkWVgr5ez3/ckIQuxxAQc1VqZxVoF7oA=":{"valueMac":{"type":"Buffer","data":"vVzjQzVhFhkSIpN0ExKvpuVjvyTa2rfLp9tHXoaRLok="}},"RqotG8I3+plaQA3AJcadmisI9tlyadcejMnHGN0R+X4=":{"valueMac":{"type":"Buffer","data":"i/RT4t/EDTBG+/xcIkFne0TD9QL9OsR1yrddN/wdR/0="}},"Tn/wq8Y4rlfMjE9963iN5k3JxQZUG8WbV4wQs7n9MJk=":{"valueMac":{"type":"Buffer","data":"qo0kAV/EniH/CrCz4IbtYkMSPw6vsLkP2cpVnmPn/8k="}},"WzF9sz8V07hZbhO/tE6iVx473ThYeQWilfBQfj0u4xU=":{"valueMac":{"type":"Buffer","data":"svG6qhs3vPF+EIgCc2JfPswASD4ES0M4FdJHF/+44jM="}},"kDsLt06JwIHN4yhDWMg08FgPMs3UnMRiUBOqpJ/LZOc=":{"valueMac":{"type":"Buffer","data":"HBu8tvA3e6h1PfnmnhOIN+2+WGS30strM8mGQwBoG3I="}},"pC9YX1bccRoa5tuy+XDUU5m83KIM7janJf+jYnFcwG0=":{"valueMac":{"type":"Buffer","data":"TlSTXYiEh80+zdQZ9Lz+bvo3teczWY5Jp3AsrY5JEW8="}},"u8mEK/gDScKCzI4sSaxFD9REVf5xBgTVO2Fa/AUn1FM=":{"valueMac":{"type":"Buffer","data":"X2VV4VbP003+JK315Mt3GXAFwLoFrDqStcvgMpztOhY="}},"wAr0LT9U8lsf3+aFus/Wt2SToDL5+DIRCF89kgVIc2c=":{"valueMac":{"type":"Buffer","data":"2p1vZqT7q/my8mDQhfIhp9YlC7CV7168M96ofr5Mc0U="}},"4PpSkw4NSdWRuciBdPL3ROxSnHzclnzC4y0ZW6LoF44=":{"valueMac":{"type":"Buffer","data":"LZGYm7pw/l3pblGwRh22dpKCU3dOF8H49z7AhVg7tpU="}},"4VIpIHK83mHCHD82cCTZmpJSM6DEPu/1AV7jo4GFyJo=":{"valueMac":{"type":"Buffer","data":"+yz1DqlhVaXeeRGo0SxW2mJpMqDPKxGEbsHVatzUIuk="}},"6AyTAobm8hGBkQQUj1TAnP6ulHG9praSWQQC7a7gTi8=":{"valueMac":{"type":"Buffer","data":"oSh03U6z8fWJrCXU0Z9QdInh28piyEwPZsxf2EWsOPc="}},"/rTiC/iPHjNMhp88+yiFXNrEjGGwwsUBoWYkxXsU6DY=":{"valueMac":{"type":"Buffer","data":"B4saawu+frkk1pI5reM2JvWuUP5OP/YDAi1d4axyJBY="}},"fvV1T6kcpW4vNC7yXMLwnX6ddOE+rwTxKicgoM/dw0U=":{"valueMac":{"type":"Buffer","data":"DYENUayA1P010edN+N2g9LpOYrOhvZTMo+I8VgqOAgg="}},"pD47e2aT4J3sDavtMM9aibue23KIPDcmG+n2psXFeWg=":{"valueMac":{"type":"Buffer","data":"bcRIJBJydRtGtorwFYzTcw6O6KdCkZB3VghXzwoTN30="}},"z6jDR4yd0ynvWjAZ5BiV6xh1lHBmnRcrfXtOK1C23tw=":{"valueMac":{"type":"Buffer","data":"YSxxvVjb5emvfQXXW9sKjkFNHqV2GMABpGp24WabTGs="}},"xkGxQj0M5hbO2LNOB3kzQszbXiMxMt7SMZDOQ0DqAUY=":{"valueMac":{"type":"Buffer","data":"rIj4zni3eWt7o4mimq80zUAsvXovo/dQU+XuLUQ/Kmg="}},"WY0xvFfUtle0wTHVmbG/OFp+3icDf5EO7JQahleBGoI=":{"valueMac":{"type":"Buffer","data":"mSTdV8265WzZ+0T5biKUPx9X2Pc3W/Xpg79guG5y+HU="}}}}