{"version":27,"hash":{"type":"Buffer","data":"liuEZmRLk0ZbavBHozrS2zOkINJgRLIhiYHQ4rVGI1gyqZY1St9YrCrSCpV8hPORb99qGu0eHyrD//QN3lJq+QjZB6/Mk9e7NA2wUpMJD5osRGo6lYP0mgxGj6gggAhb3FnJSG2B6Do1jkqf08FcCT8ZYqKep4cvK2hZOnDasQY="},"indexValueMap":{"ACoasD79sbNRfwfiwCsOwqDi61rS74pyjpCzkkmFB4E=":{"valueMac":{"type":"Buffer","data":"Kzpsnneh9WzeyYokXEEmQgv9EcrL37rALlL6FYRY3LU="}},"ACv2hkIJghFcgEnLGAKlQj8WjT3h3k16zvHVoxsu+ms=":{"valueMac":{"type":"Buffer","data":"CcS5RvRoIqasK5So9qtqNCrGWQe7Qa1GQ6lUCP2tRcg="}},"AD9kU3vbCkgp/TLhxmGrUDj5Moq+NAcA/ygLGZFIWOU=":{"valueMac":{"type":"Buffer","data":"u4PkVzlEbFZQmK0qDcM+cnMqEJd03sSebmYvrSHZgzo="}},"AilTLKRG+mbIpYIO+q2edgBzhYiZ8SEq42ETL5KvD8E=":{"valueMac":{"type":"Buffer","data":"C02xGyAewkRqoVmA2Ai8IpH/YffrJq9O6rnFBH7FUV8="}},"AtN/qdtKFZWJBvaeN0TJZgEwbC2jVjF8GL6COkDKhWQ=":{"valueMac":{"type":"Buffer","data":"a1GR/Mq+MWBd/Cx2UWIBYhJH9IINdh6q5Nj5mBH6PTY="}},"A8gl2sa1pL7ymAokZe2/ZWaNu96aIWGGBRqcWYCK7ew=":{"valueMac":{"type":"Buffer","data":"Hg9b3y0Ul5YU9mDDGwwncKKXTd6MsGULr0JDcTa9Y/Y="}},"B8xLSJRqYDwJTJB9LACUmKLNWnaFKEJFRU4EtKuptTE=":{"valueMac":{"type":"Buffer","data":"3WQH7FWPcPiLU+MpxCUsJ+bFv9VMUEA10SK4HCKYhXA="}},"CIPeyjqiCaIrG6tP1G6koOS3VjcLJhR/YFHcNZ8QI+E=":{"valueMac":{"type":"Buffer","data":"1dDyOEfGXfZJLgD5OYJs83xDDxf8gVT6clSjWugNjzc="}},"DF0h7XSwHcpRcDq7LJqI6ZO5dlMO+Xg5rI878yKDvN4=":{"valueMac":{"type":"Buffer","data":"16BKZms6K0rnTsAb+yOOiC17WpXR+DGZou1AiyqMTys="}},"Dzrw6G+vVFVL+SpSQt1o17K0DmfkoFAacboFNIB6gCE=":{"valueMac":{"type":"Buffer","data":"Cs6ThGsRuqKDbEJgGIT9mCiMyGkA/eRkfK8okHkNKgE="}},"DzzMGQJ54gNsXZ1x83LlEhbR6YYlK8BgQR4O+hTOGEE=":{"valueMac":{"type":"Buffer","data":"D/xGapl5n7vgTyI3NnqoobEvlU/OoL6H5XDaBPDQnK8="}},"EaY03H6ktOKYv6Ov05+8TIyAyn08ZGJUtegeps2Zh3c=":{"valueMac":{"type":"Buffer","data":"ecQNiDxTNei/Ptwz8zpoFvhbMYCuV+12MCiGpinFxbg="}},"EiSwCL7A/XLy6h1IajoaiwrxjTBoObJy2TnBhPxMyjw=":{"valueMac":{"type":"Buffer","data":"EFC4sDAi5Y/6Dr2fVnelyV/1N3/bDPsdXrPmRNWzD+Y="}},"EoBBuo6vzuv9+ewtUb5oN1HNhQA3YKqT/DVUVn+7zXM=":{"valueMac":{"type":"Buffer","data":"IXma1CZGHeBIMk7Mw4rz5vDmYvqP1lczk3V6ATEXIJk="}},"FOfJIG1uNy7omIJddus1ecvIXDKoLm14wSMDJxAR5e0=":{"valueMac":{"type":"Buffer","data":"HMuzqoRR7eBEKoYy8rf+8oYvFpDmm8JIsGoNGNDulgU="}},"FPpDRhLtVS461C08pbXal2GatHe2w+ljZFeG2yPIjXw=":{"valueMac":{"type":"Buffer","data":"td/aVmBwXzDCCMiHfezPd4A0SvDcuiA+et4KXsUSgjk="}},"FWsd+Mi80vCNxfiwRf9+vWQ4F5ysyOdifOx870WOQ3U=":{"valueMac":{"type":"Buffer","data":"4EOaiBGREAu+1Py9TCAg0fTj+5FVOLv3vMWb8Gzn7gE="}},"Fq6UawwdIetigg2LBLhNGHKSDp7rS51wUnlRsK8YgDE=":{"valueMac":{"type":"Buffer","data":"Wfm74+ZupHDhkJkCLgkG8hsmyKR4eQxNwLrpb8ndrYE="}},"GSee7JYGfnT7Dsequoe9tglGmDro3hK+ZuWhxdaCx64=":{"valueMac":{"type":"Buffer","data":"uS1AT0YnBNCdlXNxFVN7rddqVFAabGrezxYMqHpbjlw="}},"GeTBEzv0pSJNufnYDs6Nc6cfzvt59xE50t1vCMduEzA=":{"valueMac":{"type":"Buffer","data":"Pijszf40MMiz/yKBnKia2K45PxL46DUGmKF75Nh7gMk="}},"HCwT2Ab0rVUgFhGZ9n+p83LhwrLP7s+Tcp2E6uFQe54=":{"valueMac":{"type":"Buffer","data":"yjiW9wlm0Fw8sy5ai41+DlUT3aSGP2B2KIO7Y0s0k5g="}},"HIYsCDfZ2zmZUmuL//Ptlc2bDW/hx4xgs25/E09RweI=":{"valueMac":{"type":"Buffer","data":"KZ5S8AXZT8A+7P/mBrYx2ZEiy21ENjHUL7VDPxjDT78="}},"HKEkczQbmTQcSeMy/utoZsHxbUngPuAA4+Vc+gZRczE=":{"valueMac":{"type":"Buffer","data":"OFd20VHD1/T4Ti9ebkLQ6i2IrJ9KQYCBeTvN1YBl0Dk="}},"HQ80/0eMH0phDiqOmuF3ZllOnnzl7LD6pjyBXTvXrDw=":{"valueMac":{"type":"Buffer","data":"UTMBG6BrFeK2+L4wEpEWKQQxah+2c7fUoME10m/A4FQ="}},"HsDI3jqglgEuBD7oTKXBH/CkN9aoBZ2qu/qmWieqjJ0=":{"valueMac":{"type":"Buffer","data":"5G7r2AqWEkbNk870JNWFKw9it5MlJffXFw+ZDwMUgSI="}},"H79zRfFbaZhCM5z4Iw3Cv9obmh9WjnoULFs2lAdDbJQ=":{"valueMac":{"type":"Buffer","data":"HNwAdsbp4TOp+KUCyl6DqBfIz4h7CXrIH9EWQXudops="}},"IDfTDU5cnBtJdiZT7uMVKG4SErY1kY9Ec9d/LDSDqnE=":{"valueMac":{"type":"Buffer","data":"7eDRKS91u3vdwdyz1q/XlABzx+/tWtbFQtg6ZQpR9PU="}},"IaDRB6sUjGfOHZNL0XuzcrexYHTc/UXMPNNpV3q6cGQ=":{"valueMac":{"type":"Buffer","data":"OnsjTeCorD9ea6gAA+/24UbP+WibJFDjPISTv8edZ4Q="}},"IuF9vUDpAN8DA6Tgslb6GERiXkhp49/ti9hrnYE6tJk=":{"valueMac":{"type":"Buffer","data":"CJJYcHu9PYEDNPLBqGkhCqkdJBPiYV+tdv08/SKNQc0="}},"I732drXOxNBsCP3TcyCm0FIF9BnBKwHpK0uJ9AQBKvo=":{"valueMac":{"type":"Buffer","data":"3rX5YRYESVyue2BUYrS2GNF1jnmQW7gTeuFkPw/ySCA="}},"I86AP4xli7VU9tiY+fIZtxB4PAGOCr6TUVS53eaUs2E=":{"valueMac":{"type":"Buffer","data":"7P0FY+ruGypwjTryAhsMJDGamyi/EssISR/7iJdFKv8="}},"JDeAzkZ6jclJpcPmZNkD+fdAzAwjaNyI7p712VUvUcY=":{"valueMac":{"type":"Buffer","data":"arrFOa3jMZRjvc7pKKFMneHAGTzniVX/0ASx301lHvQ="}},"JEp8aiMogOqp4/uV6F5DFxIV8StuNcRBx1/nHMQSsOg=":{"valueMac":{"type":"Buffer","data":"nvLocfqiEkjJkvGTqOYenkgJ8OqnHJ71vsiIi1qOEkM="}},"JGuqHhm4Qz6Lmt2nRh5ZSlY7+0yARSfAESNf6loykxQ=":{"valueMac":{"type":"Buffer","data":"4Y61ss2S/H0H7MhqIse4ZjhHHlZS2XrWJHhpzPMARbA="}},"JiKtLwT/qTI8XNAjULY0qKSkgUIn2wlFI+BBxOBPG8Q=":{"valueMac":{"type":"Buffer","data":"zCasxFdfAqMBnJo22qW5LBxzrmI7MphitH4d+gFrQLk="}},"Jl0pqxtWiis3rK4t1uz0SYsN1qkEaNpjNH1raj3UsI0=":{"valueMac":{"type":"Buffer","data":"zazfRqTmdskkyMMjK0hAKEomf/mrE0X4SiPEoBIAT14="}},"Jv5+AZsmqLrklGFkXIxJusb9rbVxOAm8V8NHHo92R8Q=":{"valueMac":{"type":"Buffer","data":"Okbq1u2/GCDMHy5oRTSOZBHFKngqQN+gcRy2rNFSwwU="}},"Jx133jvFaX4q5wnX9Zm183g5N9AmajBSkrQngScPP74=":{"valueMac":{"type":"Buffer","data":"cJvLvtoR8lSPH+NgYgG3oPODFYE4TnRJajrvpsjANiw="}},"KD4FKwd9rLM5YSVrvP8x/vuYlZjzr8sKUCFyU/0LXZ0=":{"valueMac":{"type":"Buffer","data":"C8jGINwX8NRwT8kBasbQO//Ne0o1RXiljZO5yimHNwI="}},"KTSBoPCdZ0jhTIoEM+K6GeKVG5oVrS4stpTCBppAqKY=":{"valueMac":{"type":"Buffer","data":"xm5g65otxsSczr/RCMtqUscP266hfYdbAkaeHLo4kEs="}},"KgenoFPphGVeNEUk14k1CkKY30jpjOvbfuFtv8o1a7o=":{"valueMac":{"type":"Buffer","data":"MrE/hdzRwpKf43PCcRhAy19iHhGJQIFghOsJTZfQqzQ="}},"LZKbBtGaRSFxyusKu5bQioSiJe0NBqFG3gxxcG9qnyQ=":{"valueMac":{"type":"Buffer","data":"sq+okycbhqFwy6tTprXFbwMQgRXCSGKKKTOizfCysCM="}},"MWhGra15w2CPFG2mHbZ6ojGeWX5EVYYE0hz1ebdy9fo=":{"valueMac":{"type":"Buffer","data":"hFFLmAgi5+295g51BT2JgYxH5B0ZFfp0QlAQwGp/a2w="}},"Mhwy6oRTfuWGd2EsmksL9qHgq19px5mOg5YibgFsq3g=":{"valueMac":{"type":"Buffer","data":"zxtmboBN4VetoZSj2wppPgY1JrWxK14pOtnm8AEUDek="}},"M4XNOPzSIYm9oWII9hqqYzGGZCMBzcBxY7ZbUrBFCD4=":{"valueMac":{"type":"Buffer","data":"C9DF4VJbqFS6XkCpCOhWolODzxgPAE1H+u4ubGTrqMQ="}},"NYYtjxauHyDj+Zr/DOGmoSET5GCIwKLGjZkgQgYpv6g=":{"valueMac":{"type":"Buffer","data":"ILV4uZUs3ZZTnXgolQuL3/oKjVhyIYKJgVKMb5fe0CA="}},"Nk4ITjGB7EM6vx+PMdxBnYIb/8z12JL21XMWOr4uKlU=":{"valueMac":{"type":"Buffer","data":"brtFGS1F/5Bn/fyU+Gby/jZy/NBR2LptSm2SvD3pCq8="}},"NmdDDpitg8O02VXSFUMPKNOHdVpOw1hveD4F3R/r+II=":{"valueMac":{"type":"Buffer","data":"r1RGc4a+2rvN0RYKWg7icTE8t7vmx+LaevMgYLUOzxo="}},"OCaixD0ELbOqQFA6HArwMq1RA60scoaexg3qOBHnPu8=":{"valueMac":{"type":"Buffer","data":"hcwQP84oc6/2fkAk/+LAr+Y2V0gbFzqQsPaJV9VZLSU="}},"OY1dqZ5O69tLeUEWFrf8goVJBCSwcBllnl9yGC9l7cc=":{"valueMac":{"type":"Buffer","data":"zylbOWEC0tTSR4PP8lISukU15gblPP5hUNpS6d9/iqc="}},"OnN10E972dX8915ulPSLkg38qvOsStxu+TTHUyrEekQ=":{"valueMac":{"type":"Buffer","data":"Zh9VZOuQCME8Laz+gW7wlljNzRL33hs74NBo01nZDEE="}},"OsvUVhdij8rQNhBhYPfVaQUqr2fWIFiTIccZMOzgBpE=":{"valueMac":{"type":"Buffer","data":"RJ1FEE/GGg7m1Y0bn+OkfpjHPHTqDIy8rfrAbxcS2gM="}},"O157ch0t9rBo5TnLtB2/2oBodNXdU9axYengzFxVUiQ=":{"valueMac":{"type":"Buffer","data":"UCjTua6pZiQsVNaLBxTYmAXZetKZKdsAJvRLQg7bD34="}},"PGtU5jm/bB7Fmzx8CJRLfV7bg+pSoIk4sfER2YZifR0=":{"valueMac":{"type":"Buffer","data":"gpaQPRgKZ/S5Et5OhgNq+lWhRiH1jTYHPeVxuabuVrM="}},"QBeALm/831Jjuhno/pT6YGdknFdUYzXpVxTfH9Y3ueQ=":{"valueMac":{"type":"Buffer","data":"I5fSWdQYXGegOatoBlIMDETkS3SQELJ9z0mBacpImhk="}},"QslIOnerRDxnVh4KZdvZD1YGgaI/kzB+2r24nHzCtsI=":{"valueMac":{"type":"Buffer","data":"op015HRYCZWvk9xUDLuYOmjVyPZwQ9awzq7fhSVPdsk="}},"QvE0OoUAEtUpBhU35Lo0zX3mkAOHOp2+qHdFX47LBP0=":{"valueMac":{"type":"Buffer","data":"vnoWnKdhB6SifSai/bdqS0wTSn8SRiHe1PtStw3NHwE="}},"Qz5yLEclqfQihsv8v58sMGbsdNOt73hz3SxEJ+smJMU=":{"valueMac":{"type":"Buffer","data":"S7X5LPav/XH/8/1ZBIYPUNhaVF/ekMo85EmulrkzeXY="}},"RCyAS2DtKK+0REnPqc+Mk2Psz3JxsKeAKw1y0QoLkNA=":{"valueMac":{"type":"Buffer","data":"a0sa+m+Yzu5gYatocz+taHNpA0KtR6IsUbpske3TP8s="}},"RMZX92vhejQKSvQdrOu948ks9ACuPKksQnYDVYoMaQA=":{"valueMac":{"type":"Buffer","data":"wQD6VBYX7umHqGOE4WEwr1j4rz4NlHNsagjGQxFfBJQ="}},"RTeosT5olhRYaJzqp3bnrfxX5z3LtvStZQCBhAwoQy4=":{"valueMac":{"type":"Buffer","data":"6Qv3FdQRA9R102gdy7pPTZAFofRaWw6td5DKlmalFGM="}},"RUMsImxIlkF7QgJcRhh/PuY+mLpcWpUzfndzdxA/a/k=":{"valueMac":{"type":"Buffer","data":"z/ZiEM9x+cC8o60RZdO7DpkEO+4Q+LRZcSP3LPB4/no="}},"RgmY1+fUz/xQVhKLiO2d505NrkPgJDDawT50OLgk8CE=":{"valueMac":{"type":"Buffer","data":"rn5ZUnSsc7Sib8LJislopxFFr6hzLR+uXjlrxKIrdMg="}},"R8UtVIVRQMsD1VqLiP9TdZ37fMLo72bCTxnn6NAPIEg=":{"valueMac":{"type":"Buffer","data":"MevZjK9KEBtKlvKsk7SJAWj3K5dgSOXxi+T9V4kzR6o="}},"SYqldZNSyTVvmd7YhocwAnzIUKzyt+aOBz3acp2eFLA=":{"valueMac":{"type":"Buffer","data":"Bdsmvn+t1unbdY60pXr55PrZXXN8nhcrIrg2xNzaRxo="}},"UPv0pAmtPzSRa3J8kXP1hwj8VGtD1Tj2Ff87PW+Upto=":{"valueMac":{"type":"Buffer","data":"7WONnjKhxX5dFTcwG06N9CY2XiVkhTJVdxUigANPiO4="}},"UpDVCruo0V4uyuOHlkOBSCDECnq1n7eVksJDvcDRDco=":{"valueMac":{"type":"Buffer","data":"Qx5r778bUFufXzAMgpWopd0Gr9K/xGjyYw1l+t+vxIk="}},"VYaZ92BExYFD4BnxJFRa+KStR2bBzoU5+dhzBg2GdQk=":{"valueMac":{"type":"Buffer","data":"TO8ifqiAoGHWra9Wh85/AcDV9qt1HQ6ZvsAPTS0/rJo="}},"Vlgn8g8/gBn29P/yDx82pOECSNvPozsO5H80fTdDgg8=":{"valueMac":{"type":"Buffer","data":"D6k2mwLmkX8DbGGkQxtrb3S/hYppcSBld5tAUoMIrWg="}},"V52z22PyKqbnrvCRd3CQWQNK1XZ+J9/6awCtAFKk/3A=":{"valueMac":{"type":"Buffer","data":"sfWEPNbUvLXPfJGJbeMg1jtDBR2eoGWh5b1DP6YLK/U="}},"V8wi/MU6n0wCDdmDGThxH+a2jcQWAowH9haYWUzwQd8=":{"valueMac":{"type":"Buffer","data":"gaaUbE+WlxXZgQZofS1S1TGGKryqSA0OiJAqD7tcehE="}},"WHm8rhl/D3aOBgqE0YxFxcC4ncaUnW16Li97OimtOVU=":{"valueMac":{"type":"Buffer","data":"4vLBoaiLZiwNivM2vBaAs+X0fs7DaUO5NEngNRGAG8w="}},"WJPwCSrxRebjbjCu+Zk5mYHMzlVVgNLvs0loP2DG5/A=":{"valueMac":{"type":"Buffer","data":"F/puRgn8QhTQeg2Jxp2DNHYuyFd8vyjo/0GIlAhv7Vg="}},"XL11br77aUCMib3I489pc1RXpcz+/PYnEjqOSX9UuYs=":{"valueMac":{"type":"Buffer","data":"gixR5L49Ycw79EXlQn94aiSnU0a8stwXXO0YLHejrl8="}},"XW5ekY9o5+3zNPh0VquK9EYcXi0GUfQOGWjsTBX7T+w=":{"valueMac":{"type":"Buffer","data":"7u77SCSeZLfNz+6ls14Wn49qaaM55P39YmgDhZSTYJo="}},"XeoYHop5QklnPdPcb5Fe+QC4pZzwENWNEvJLth1k3rg=":{"valueMac":{"type":"Buffer","data":"jyvsmY6MCmj21Vyg67s1hBvyzErp10kWeqd9BhZVnAo="}},"XgacAynwPtBfpG7FS/uYIsNjZi2DP2hzAQBtIa2FakQ=":{"valueMac":{"type":"Buffer","data":"cGvW6xMyWLRk/3ns8twM3MpOKNmphaua+nUy3fdO534="}},"XhNStJhL9qA+4JhzcR6hw5ryYRkZSFEUaOR8Fp3N54w=":{"valueMac":{"type":"Buffer","data":"3P4c92Lv6+aeaw9xtReitIHDWhqOkwXi2EhvNgyFRJk="}},"XlkkdsVG80J33sY9v60koRhOSLL3+B19PbC4Or2FFCk=":{"valueMac":{"type":"Buffer","data":"9G0BITYJlspikXRNi5eYjFvdbBWtrb8QEb1soKVR4eo="}},"Xvu3nJJF4lU1ANl9BmfUdLNZgbwpBM/rW1x9rpjt8AQ=":{"valueMac":{"type":"Buffer","data":"Wv2IZldiCuY7qUZTOxx5TRHEORUNpsWDtOYW0VKdgAM="}},"X16qXvHqddnO+oBkow9wPinlS6cqUqSMJcFB1j79pWo=":{"valueMac":{"type":"Buffer","data":"Cxga+QNwrzpVmDQ2r5Wa9tmO5jvnc7Sgy75Vczk35oA="}},"X3S2AW9jAc43ARA94EOdJuNwRgPPtc86USlPMDHeeLE=":{"valueMac":{"type":"Buffer","data":"4PDQlkY5PEi1bKT9CyeEOget7YR9rO7Qy1oVY7yVT7M="}},"YyQw7NefPQz5AzmQXPIeqJWzQrV6kxQIdKwuhF5dyiA=":{"valueMac":{"type":"Buffer","data":"yTziHmhtVpU8MCwRU4dlQlTv7EdXKU7MliutKmG3pdA="}},"Y3JmgwjsV0IpT1UOQkVc+odF5jb0lJ9wlMamt/5Yf8E=":{"valueMac":{"type":"Buffer","data":"IwkESQolkoQAOkerxqZXp9eHLi9WEoh7HfqWfZdxyMk="}},"ZzvpfmH1Fk8aRvUpygEHARAqW0BJMsh4pCIENaMQIdU=":{"valueMac":{"type":"Buffer","data":"j8mi38GHm8xF4z1mqxF6Zim2Os9WJK5ZUA/T2kx6nO8="}},"aLAsnkh61z9mVIRoaXxcLDqsOzg91LJgICyPoTjm288=":{"valueMac":{"type":"Buffer","data":"xw0tURMxXoPecTHZ4ycugfwPrIhCUy42y5UvVtrKReI="}},"aLMhRmhphL4avLK3qHDm5dubMha3bGMKKWkkPX7QfBI=":{"valueMac":{"type":"Buffer","data":"Ea79a1dvN5Bp4gyY7AMpsnCIZwnMlcEBaGTxd+frDSo="}},"ap702XC5WSBAdpr48+XhQ7WE9EmCY9BcwWnULxsQ8Pc=":{"valueMac":{"type":"Buffer","data":"tc8Pen823wB+6U5/38p2XVxvJek6stBNooI2hnV5I/w="}},"bqf90TB7u7CM0qfc4bRpN7DDOzOIvPDxvotBFX99xcM=":{"valueMac":{"type":"Buffer","data":"K5+he2dzIbjnAjbVrvQzAWxSGSM8zUl1pXHHt0PHi24="}},"bykWDHGSmepuY7ylKSdwc7jMl6XcU6U8z4ptefbTRmY=":{"valueMac":{"type":"Buffer","data":"H6OvV3b/x3ZB6y8beY2XWEqIL1EUWRhsgLwrZL8Dp+w="}},"bz+fwEHc7HWGHivipjY0wdZc9bQyapc/aAAurbreses=":{"valueMac":{"type":"Buffer","data":"W0+4R6h3jri8Kk1JHGRKAyBmvEIbqkeN9NXtpTUmmQA="}},"casDWZxuXDmXOfA6I1FqLFg6qM+gTJo/DxMXBTIcrH8=":{"valueMac":{"type":"Buffer","data":"2hAqQZzBZ91U0JpUsD79zXS8zFicTwwuU+lQVs8JxWc="}},"c9L7kQkODaWWwMukNkW0JUBPGg8lwQsnvpYFpph+s7o=":{"valueMac":{"type":"Buffer","data":"AzGPdQyLzc+q3f4RK3h401iAce8rkcTSN9uEtRO2+JI="}},"dSgt5QC6UiGG+VdQR9f3jfG7vZikXMZihNSVD2otjqo=":{"valueMac":{"type":"Buffer","data":"0dROySv0WoNVah6fIATjKXwPwbW0ciutpi41jJ/JpFc="}},"dbKT2IfocvQoRtOpafAZ/YYOD+EUfvNDTyQjeYKNLcE=":{"valueMac":{"type":"Buffer","data":"c+jCRHijSKYhCe8/Tf6TqRqpH/21i2gPPvySsGy+NX8="}},"dx770I5vD+Ozxo6Z/rzh7j/voa2WZUs4xGnbFKeJ/yQ=":{"valueMac":{"type":"Buffer","data":"80wkn7PnMqgi2MsWD2z/yY+QzqeSHlMu4Zz5VmDaR14="}},"d3IdESSG2GwNmlODouR5lR2k3o2HJLiCXqChGj3Ru+s=":{"valueMac":{"type":"Buffer","data":"ZP+PWSzf5JoAZi64zziHW770hW5n+n4tWgpayQMXsd4="}},"eL2Jv5XZkf+0XqItWzAlxRpNDDBIJaahqbBxmLz8thg=":{"valueMac":{"type":"Buffer","data":"c/yE6mu8V2bJwc4IgPAGkWtNIel7iR9MNy2of35OX4w="}},"fAsWuhBOsh1VSgGL/vHo+/d1pdwCF3gESadUyjerfGc=":{"valueMac":{"type":"Buffer","data":"3Y6yssuusxJx3NQRjcOyqpJN43TDloNmHOopaK3hMYg="}},"fI8piAfbiWF7N/PCZdmF3iaBZoiTa3orY7t9+Ur4Jxs=":{"valueMac":{"type":"Buffer","data":"tGiQpsk5FAQH6DX2By6FWhYHbny+G0zneYdVGzTjtx4="}},"fQZ3U4rkzf9qn1rLtq3dlW+vQaaPDHtyDnpY5Zc/X0U=":{"valueMac":{"type":"Buffer","data":"BZ27maED1ccL2gkeMR0yAOl7MjWwcfn8QB0uRrfGyaI="}},"fqlYg+z+tXCThwGQdTCFK76ZbnEl6Jnl0aug+O4IClY=":{"valueMac":{"type":"Buffer","data":"ufOhz4BpEx2EjsMiHNtrNTY3VIRMI6XtvW3tDFPFrFI="}},"gPp5X5Dl3FedsfAdxOGqbB6aYSOG3Lhhu4535SLELgQ=":{"valueMac":{"type":"Buffer","data":"we7PBv7KG+kRqy0sDcNll17pbBFe7MtFzcjkWgWDQA0="}},"gWRn5XzXTy223G6BOycHJDvu/us3wiMRpQb+OdBzIDM=":{"valueMac":{"type":"Buffer","data":"ZzeNcqoifOykX6L/3HKPnBtGIVO5I2x7WUDJnmd1FEc="}},"gfyJcbuBkyPBbfK4xl4Lf/70b7rTgtxBZ+y59kzXZ/I=":{"valueMac":{"type":"Buffer","data":"+eLugXcRH5YdYO/U9+SBUEpSMf6b835iiVb8cdVOI04="}},"gllChcC9NReWAHh985Gzv8IQaX05VX2Pax5K6fchwJ8=":{"valueMac":{"type":"Buffer","data":"0lY1YGx8GdIA3kg/O++5FtJS3h7cR0C5vWc2TnCSU30="}},"gt+KknBhVFRm8jzEWu120Oy5jQCnxCyUN1TIIstarZ0=":{"valueMac":{"type":"Buffer","data":"4pC7h2mdmZYnIkn5k/CFIRghkvHNRTnci1zm7drqixk="}},"hD/iKKJwCNHOYDDuxz35kCbk4+6P8zl4FSKeNU25toE=":{"valueMac":{"type":"Buffer","data":"11voK0l/A1SXVzz5LCqOOWUKqz9aqWiGqgeic4KMMO8="}},"hJvWGW2t8OK4qOnx2UqG1s8rwoFhxwm1Y+ZRge+psw0=":{"valueMac":{"type":"Buffer","data":"2zin7KzPMVxi5kyiaxwPi/2G92Wd8yH5PDRgk9dqek0="}},"hMvWtDM7u8zEhaIJInx/xFMH0kOMmLZXwpRX7M69xFY=":{"valueMac":{"type":"Buffer","data":"hnHZiJF7KgxX1vgfrLmaklx8OxNzHPvb0W+IooyJ7uo="}},"h6cWPahmTq+PpE/4mbRqPDimnMHNF3ljAiJvNKbKd8s=":{"valueMac":{"type":"Buffer","data":"mViU0CcEeTAraWcdlOyraZU2FebjS4nMJ3Isl4douow="}},"iDbV04HoWlNen7TAiDF81uujhm2GLu+utzHaPIKfk1E=":{"valueMac":{"type":"Buffer","data":"+RyMXO2qeYPxz7Gq4+4mm6worpGBx6uXpMhLGtxrR+k="}},"iH8OJ/6kgh+vSk+qio8nKNLj4e3DoCif7gvJ9TA7IRs=":{"valueMac":{"type":"Buffer","data":"jqrvVN0YCGXWuW1VjCfmCB+5/86WjzSf7wBxZ1OSxU8="}},"iagen1QWo8j6DzEJ6vb0eujVI9/836zYiULmLJ+FL/k=":{"valueMac":{"type":"Buffer","data":"pZlpp2Q20uVlvbHfyhsa+8T7K3izPBZBAoMU/J5eGyg="}},"inaQjQga1Y1M1qWtZuxXHihYO8uIbzz7SoBiaWM7r7k=":{"valueMac":{"type":"Buffer","data":"GeuXGawgie5U2pj87YO2IHY21+y+yKQfkodcdg0WXNA="}},"i9sg61vAjCNwUmT8v8w8QNJRAe1KUGDz4xzvZF05Okg=":{"valueMac":{"type":"Buffer","data":"HgfF3mR5mAaF+3QVYupWZJAFpVRI2HiKyJyKTK2xYPE="}},"jJnjZaF/ozeR6a5It5e7gDC2b+58EDpCOoGJ8ON+dUk=":{"valueMac":{"type":"Buffer","data":"cP+IgWUVz6Uj2DswhV+4qS8QMVLlUUN9GhqY5IkG9OE="}},"jK58I9saQCSSMMlHct0SJnraDuzFhKjPB4+z6iSCtkA=":{"valueMac":{"type":"Buffer","data":"GoGTsETeszMLbei315WHlGp9hDsidpqGnEHTZVyFrr4="}},"jVSb80bFMZBbh1kq7pawbXCtaZ5V8ktFM84qRU+oKTE=":{"valueMac":{"type":"Buffer","data":"ayxZbK/0sgCQSLLHPzJHEpdQTkxWYYGpv66JTR6K0Gs="}},"jcx8jXDn4+LwIFyGe3GlpoIlI5KHJqDUa/PvVyCyl5o=":{"valueMac":{"type":"Buffer","data":"nkmn4Ie000YysLusvU8g/ogHh1sR9vyUjCjjGH1rODw="}},"jfClGzs1bQeo5+36Xi9UvpWluL+J0vVIfMlgNq83ZZA=":{"valueMac":{"type":"Buffer","data":"zT/AqNTQU6WIfkpwTpngzbfk8Nc7abxg/s/cLZj6Tc8="}},"jxx+6rdz6OC35t8QkZ/Yx3QfAoDBFiwHFSnEU2MnoG8=":{"valueMac":{"type":"Buffer","data":"l3T8hu01zYJBNiaQv3OMpENzkqlOIii3tk6Ji50B2fA="}},"kBN20tlAu7kOKmorspw6kZW0YeUCJ5eNmzkjpel3yYs=":{"valueMac":{"type":"Buffer","data":"D8I8b9rlZ+rFLsbyRsUEQx9QJ81Oes2vwphyzlmgRb0="}},"kuF8C3CEAZDVowJ12uvcR3OCBfeROx+zfLqcteFjbNc=":{"valueMac":{"type":"Buffer","data":"GK8avirNJPNj/F05MfiqvwE/G9vyOZ7hN4frlqeOxys="}},"lHgHBWKSRWzqAoMVVABbKIJEEjVL7zVgC3aZKod5mho=":{"valueMac":{"type":"Buffer","data":"9zR+2xK0PBN8x9Ct/JdYEtNlEaK3TaUaBH33hrZp46c="}},"laC6f3GdA5Q8XBOcq5lHw9Dt4En13UtPnDBukE31AxQ=":{"valueMac":{"type":"Buffer","data":"ESz6lyr6JnseAkMV7SoHW2wi4Tv4GFSOfHJRXWXOtC8="}},"lfBWwviZqEen7vBSsSELnf1RZtBJpfyi6fTQUjKlMU4=":{"valueMac":{"type":"Buffer","data":"+jPxMwZcLmB0eG+U+RAGcNMuEU6q/lbNZJ1I8k6mNkE="}},"lg+Emt/T6a302i2pjQLMuIxRjC/SDsnEHupKroR6Qdk=":{"valueMac":{"type":"Buffer","data":"9S3c5KrF+iCIJckPFdzUvbLImRuekdHFdzo/BIkH2FI="}},"lnwhO8PYOuq/dzzWMOplP/KlfHtQ6XC/UBVuyrefgLc=":{"valueMac":{"type":"Buffer","data":"rqUZfzfRprAYw8pbzA99WOsl60tLyaOh3GgDTaWtIro="}},"l0lEFd/n3DeU1e0xSdU7waqUNt7mWYF/ZSyC7QIgyXw=":{"valueMac":{"type":"Buffer","data":"D7zPyRlAq4QOOplHJi63XPO1Tg+G5Vug0weVhasy/So="}},"l2EHQG/POHYoB5ozA444Reod8j51fxUelFx9Jqh4Ms4=":{"valueMac":{"type":"Buffer","data":"KjWSkj7cziHsgNtvjEZzSnRIiynf816069QzCs277bk="}},"mJQh5HLFKZKS1PbYUND7s/Ncml72IfZ/JZtZNKf/cWQ=":{"valueMac":{"type":"Buffer","data":"oMUc30MxXPIaWic2slfWiqVOfUrESY9KmzTaPuRvJ24="}},"metIZgh8Fygg5rm782LsQHqP+mNijiXuxmEuCGu1Ebo=":{"valueMac":{"type":"Buffer","data":"bli8U5rBCG6e4HlE2JsichPD94/pqOMdG/w3fpGXelA="}},"nD4Osv8siUToBZLja137Is6WpPQfSiP49bmDEgpkreg=":{"valueMac":{"type":"Buffer","data":"1MdQuy6f1ZvAouFGjSqE1PLGp0jDiB4Z3K7FpH34Exs="}},"nSKQKm9TrL2KczZl4tXsIFW5LEYLU0PJ2ejSciuBM9I=":{"valueMac":{"type":"Buffer","data":"Y/Cks4Zf0CQncZb3Ghcem+hVq6Ff7hY8Dfgf5tbqpvw="}},"nU5QsuyvMhb3hqhekvO3dpsAp/PtlHwYNeQkfDZADVE=":{"valueMac":{"type":"Buffer","data":"O5AQcXYUG1qudvj1yXDMt313grWCyjCfQ2/ZHW/+3ng="}},"neeF7KqmmbMuQu8pUnWyPrJcXS4h6KW/LMqJ1zT/8rE=":{"valueMac":{"type":"Buffer","data":"d3Tbh55+oFR1UJMxwUrfqs/HDU1ioPskE3dTdcqT53s="}},"oY2INVeqH0C1aIYxMSYiBNuY+J+LuoNVNESYE7kSbb4=":{"valueMac":{"type":"Buffer","data":"5Wzi4Id6RX7KpI6uoniFfAkaJrhSQBhFrAUzG1ufg9c="}},"oa7KyhKccKnQjQXDA5+ypNL3ykSSyv297ainpnlOoRY=":{"valueMac":{"type":"Buffer","data":"zg9IWgNqGkDQgobGSoWG3wUKx30JYTuDjTgG13Vhd3Q="}},"oiBTHwH9kVdPGogSpeyeSEfkycdlDAcoNKOPxxiPdbg=":{"valueMac":{"type":"Buffer","data":"KSKqiNdqZHXNezxQcgc4qZM2xOWbFfqsECBNKywP+ZM="}},"ojWFIS0bfnqNdC7dcfg3G20Ozq038bO2EjUQSHLUC2c=":{"valueMac":{"type":"Buffer","data":"2GmXm8aOzPEd87jHrxf7+KnU4/gDexvis6tsiuRZfWA="}},"pNelgjChOoH37JcWPs3/bls8clc3WOb46XrarijZVZs=":{"valueMac":{"type":"Buffer","data":"HuMUSQzS/lJdE+zDP5ixEQ9RkYwYhjv7WpxXAPNg2KI="}},"pQVM10PYAJs7ryF9p60KBjgm8ubt0BEp/ZxliE1rDr4=":{"valueMac":{"type":"Buffer","data":"PstCVJulHI2ijPGagsBfbEXMi71OBjVkBjns8fhAjOM="}},"pTqxFouzY6d8/ptC/hkM0oDWygnZjl3mMSMD0Se1078=":{"valueMac":{"type":"Buffer","data":"tMHJ8WCN2gIoaSqsajoRE+TrhR84QyTkYEM8jt3sGCE="}},"qE72VScG5Qkc6eAM7XThh77Tyjm9haGRfaDdiN31WqY=":{"valueMac":{"type":"Buffer","data":"yZ1LELVzloN5oThFuPltuX7DC6QT7yADpZ+oXMuNyYk="}},"qdCnsHjm+Ini3BxwRGyALvSCbcGdjM+RSfHPVfEgPLs=":{"valueMac":{"type":"Buffer","data":"VMq6q0RxKgnHP00AKFSIIyAagzhUVB8SW955MQkE4fs="}},"q3cdGowttnQpTDh4XhAKL4B8MPsMuGgNLCkrLIg7CvI=":{"valueMac":{"type":"Buffer","data":"eRQhPatoaxQ8W/vpQvFwWVAH3A+GY35Uk7kmxZ15J50="}},"rEKn3CVOF4uQeWKnch85HePl/rsr6XQb0YV/Xc9ZXm0=":{"valueMac":{"type":"Buffer","data":"DJwxTD8p96D4E8ID2ICOQlFofnOV4wPcK9JgB+m506c="}},"ragkJnr8dDl5wssJy4/FDiQS46Is0xg7ar9XlpKESkM=":{"valueMac":{"type":"Buffer","data":"MFo561ZA/iuznIoItkcGtFCYDfKsiDvuko1Q+68V3tk="}},"rbtPEbH6YwxzzN3Cj5sEG3pgI6DkA472fsfFtzkrV+g=":{"valueMac":{"type":"Buffer","data":"KF3p0NwzulIyUx4GxgJOHRx7vYvL099GpC+hHg8igyU="}},"rpwgbiYWbpUr62T/T3zpZ1PsWILQQnyahrGpE1Ewwug=":{"valueMac":{"type":"Buffer","data":"+WhbPyJdfsLkwSj+3jMczGailt/d854cDoiV4AymO+s="}},"sJEkTuT7JAvBN+scVFNfhwuzwh2AwxqrdtNFFDxrb7Y=":{"valueMac":{"type":"Buffer","data":"R/p58fyOj70Ix6vyEi0f+U/11IxJ7bN5ydJiLDpudqE="}},"se7na0K1PZhP08P8+i1REk57qM6SojC1h6SfhITp3Ok=":{"valueMac":{"type":"Buffer","data":"FqQkrqhXHzzm3lFsdA1wJ+fsL0RPltdp4dUuOMyBgZ4="}},"tJt9lp9M/Jqe/LpPPqcK7/C/FFcw/B2jmssnDIRZCKU=":{"valueMac":{"type":"Buffer","data":"6Dv1anMP//Y6lzI2yMbTCMzMacxTOlUI4aRHZguA8bc="}},"tu+mWm+Aqa/EufVnT7uDQBeAV+ICUtOfACCqvUAVUmk=":{"valueMac":{"type":"Buffer","data":"2ehOaAX/C+A7JaInPMAGOaXEIwRWAENrwH93sK3xpQI="}},"t8M+hIgQU+d7VKMCvguFSuVlSZ908XHgW8oBocN7p9M=":{"valueMac":{"type":"Buffer","data":"GGzNRFfIwevalT3LSGu6SWc3xIszj93/5WJQqAYUQIg="}},"uI7CJIZRqKThvC+iduW3MjtfdkivQ1kDpUlNhuNFnxo=":{"valueMac":{"type":"Buffer","data":"9LMRQHNbiH6G6mOpAZX+NHuKqIJiZaMJpF0zPgysUSI="}},"uK1cwryvMDlhpv/DgytdrOGhYF4uYhQlqJnlSrTDuSQ=":{"valueMac":{"type":"Buffer","data":"LZ6gLhwXxkqbRfX6+GPRYwDqweX6yQD8lt9s+C7PV6A="}},"udV1oQOuNnfWTPXpv39rZlQpVqDI/AmRD84PVMy7Ea4=":{"valueMac":{"type":"Buffer","data":"6sOCZ9E9G15n9/bUHyTR3mUlbM6Tm45bqlyTr2iets0="}},"u4DbCEFDVcE8dodAM5IrS3dbd+w42/41MJ0c8RiegdA=":{"valueMac":{"type":"Buffer","data":"Wo9twVM4dI7WJ2COzI4Ldc59wJ/QuHEAbVSOBJ0w32Y="}},"vPPZBrJfL2keIYDoqeBkvYa4X0k7AZzox0W08ldtpYI=":{"valueMac":{"type":"Buffer","data":"YBjoZ2SvYKq3ZrpKpILv6YsRzMfMMzVmIrSe1QLI5Us="}},"vT7GmE42qwvHYoi7qHX3SIVytDXkbTnKroFwL1WxzJs=":{"valueMac":{"type":"Buffer","data":"eeRywztBjIzFKi5ez89NUtg76J3c2tVOfH3WClT67Yw="}},"vfuPamaJF1yZZbG2yBik5CNbIHlflKVGetcIHizOZuE=":{"valueMac":{"type":"Buffer","data":"4m9PSH6frl5Qre93EEKpVTXfOcblelM4YnC4cLgiTIA="}},"vslKH8jKPEjkk7YqSLN9V10scyJKVMRiZjY1D4txXqg=":{"valueMac":{"type":"Buffer","data":"KxWspaBG1H4ZDpZ4dSbDTT/y/Lv4J3YDbbBn9kTIh3M="}},"v1B49AI7EoRSNSX8abjl5FQCMDJ/bfio513udb75QHM=":{"valueMac":{"type":"Buffer","data":"P6BaP5fWCsQUZLIv+EfHGCYq3MFI8DuogCW7ZoGjdJ0="}},"wZjVnDZ3RoLEgdRls25Yem2oP1d3ezmvNXfT1nv6tDM=":{"valueMac":{"type":"Buffer","data":"8mvUlWx3BZ9ZR5YD+eUIrIbS9/x07kLKHHL8MwPFvAE="}},"wyt6RgjF9OzPi5cv0Irx9o/rISSERFoP24eMEtYdsyE=":{"valueMac":{"type":"Buffer","data":"Led1ZdQogh1FvyY6wJKFy+yjmeqY4XNOyykkbX3jjSs="}},"wzcvo+NPNhS6xTZurMwjFXHPKDoeBteidAI33aTa6OE=":{"valueMac":{"type":"Buffer","data":"TMbebR3c10nLFTJZJbiP0X8NC7K3robuyp7yULm5NJE="}},"w6fSRhzAaF73JXHJKqNvBwQrw9zWi4xVePsNsn/XtV0=":{"valueMac":{"type":"Buffer","data":"A/nvhy15dVEWMi8O2dpA0R9+Mvc9Ch31VkPS3oPAPpc="}},"x0OSh6ivHJKNJvKbdYC4yDpKDerxlpXsaLUMfzMFVyg=":{"valueMac":{"type":"Buffer","data":"lG5l7j/4T+WLsZ6YGwPuG/aY5fVlnRNAzUSwd1OoN78="}},"yHXq6Dbut00Hinjp06ldaIitESz/FtfwQg00HLyOZkA=":{"valueMac":{"type":"Buffer","data":"hSzxn22ULTcFIOdM4JUNdaq70lz5z//DUPDjbRWALPI="}},"yJ2rDcZc/TbgBwql9wCPSWTOwfgxWWZdSaMqe0opmv8=":{"valueMac":{"type":"Buffer","data":"+mdjJa6Kng+c/ha5NhoIqKVLQJwCoMAZLfHPBB8TqUo="}},"yKgyyRy+uU6m4f8457cpuqaLSLxncbske8bAeock0jM=":{"valueMac":{"type":"Buffer","data":"6LY5GLW9sptTesxXgkE/v6SpgvdbFXpNDZ/FxVA6PYY="}},"yLBSqX67BFdFR0cmnjyNLLQxtoP0vk7snm4jUZK1re0=":{"valueMac":{"type":"Buffer","data":"qITBf7V2iiGpKfmz4rJZ92dacsTzYnk5w3dJLSgl98w="}},"ybit7W1S08JeZjme0L6HKMqdh8c9N0mgsagGaMAw0Mk=":{"valueMac":{"type":"Buffer","data":"JbWjDL53IAUcadUrBiNDmNsLuwELCzDKck33d/OBKFo="}},"zUP1NMeeX+ya7pcz8C2pbBLdmmRgEaxK9GSkglmNyws=":{"valueMac":{"type":"Buffer","data":"y1nxceKdEqOTQ9T1o6bLm5Q1NrKNdzmd2HldJeOKINY="}},"zVtygK1EBD2PBOL9EA1xWh0Y8g53/lUn7hJV2Gxojlc=":{"valueMac":{"type":"Buffer","data":"aGB7FvQCfgVQYdOrc9gT+wyZ0mTbwEMYVX/2aFHc5Co="}},"zhRs/XZJ3yLsgHd2HCw3dMVhZTxAFCaTsPJVZzQbd94=":{"valueMac":{"type":"Buffer","data":"zioTegFle7w1Gn9H3Muguc+EoVQXOsYGB78+OAMBAAs="}},"zwXomW+J3F9/VgNrRyQb0pXU648cxgfFyVN0VgkuGWU=":{"valueMac":{"type":"Buffer","data":"XH4oUU8S5pLPy0JUd36KELehd6ZcDDNQ7h959YgkGuo="}},"zz9i/+tojmBwH3XbnCsqZrYVCu8eMQfxc68aa7LJFHQ=":{"valueMac":{"type":"Buffer","data":"RoO9/fSTXbOPuL9xjIyyS+ySQuDPerdvrBYURdOplf8="}},"0P3AZfzQZtNTl0bkU0N4tsigJ4Id9OcfXv7zqq4uaFI=":{"valueMac":{"type":"Buffer","data":"by0swnzNGeYZeOQVNd8YvAzEMa2y8RdheZP+pblfzuU="}},"0lRadnopw5Wfx0jUgwP1DyzRXmK+yVb9MotVLqfhmmw=":{"valueMac":{"type":"Buffer","data":"0A2CbtHz9l6PE5akisExbJ3nZKSmGwyRnJFn1KoV0yk="}},"00UhMoQMFz4eVNssx+NYrodjECYIT7+mGhhH/sjRYeg=":{"valueMac":{"type":"Buffer","data":"k1YsfahyMVpSqNMp9Rw3c6EJXGc8Yz6b4OoCQ4VcCg4="}},"1UZ2HZTliLRoYvNNoRD4Bkz9MIwpVHoHRZj80h2fmUk=":{"valueMac":{"type":"Buffer","data":"wDn5JYI7FDOBBsLrSoMwQUlAO4rBP3xEe/FShkPfau4="}},"18N2dKt9b3bsQG4UMxTfL5Ke1FCCh+DpblGhQ6riY5I=":{"valueMac":{"type":"Buffer","data":"FwxIFq0J9ARiMRuY6mXaq1xqtclOC6Acg9WJrg1izII="}},"2ykKPansVAgiTQSpAgt3LvCBqGGIEP3vCHYzvB1QbDk=":{"valueMac":{"type":"Buffer","data":"uixr42BQeXqIyoS8QqrmxpopF40LUtFLxkzTp8wsv1w="}},"3LVTEm5v7+MOUr/l/4ziNNMv6jas1UVFwnjHX73BTcE=":{"valueMac":{"type":"Buffer","data":"YZ3ZI19B20fi2c+OoNRoqIATZUXbllqcpyMDtIDiLUY="}},"3TUoMIOB485vPC3OH/SWaRhPxvjs6kUeY86ZbdejzAU=":{"valueMac":{"type":"Buffer","data":"h/qvCa0ScrPyMyCX1iTW3wNuYoSwymeEpvxUJlRv1io="}},"3T33LbCFv4CN6YqRklg5uAMBv1GBrZJmkqN1+lJ83J0=":{"valueMac":{"type":"Buffer","data":"mz1y5eOR8tqazzAcu9+EvlUh0+dID7UPAN7hkMsUeDY="}},"4QTMNtJC5oPrwEkKfaQbI4k0Q+cO5A/N/owSEYYFaUg=":{"valueMac":{"type":"Buffer","data":"0rv/OSpt902OM2vXGLQKwEeEfPB+Rkd7y4n5sthJqGg="}},"4759S4/6A45W91csfYI2NZUkahr3eTBBSQTC3zr83v4=":{"valueMac":{"type":"Buffer","data":"wlXvH1PEL9RAtaxEKwM3YMIaYmavHPfhCvF6w/Of2Zo="}},"5D1erk33sKi3vJvpgR9iaaBV61e2jSZ30DA47eT/cBw=":{"valueMac":{"type":"Buffer","data":"/RFTUPFAxbhEttDiDz60eOqMwzcKyAceQ9DXvErlys8="}},"5IA4I9vNFCoLXxKfEseQQAdYFrNB+kD69mJX6EcJE2Y=":{"valueMac":{"type":"Buffer","data":"5eL0v9UhVcQca1I6C5Uwqq7Jy4aQid9qvWZlxr+KIDw="}},"5cL2QbevjDCJ306xrTHXLhfQaZvEqAfF97fih2OW2tQ=":{"valueMac":{"type":"Buffer","data":"/fj8eLlsqcnxDS7iKXBUODmv0QBrZoAPXbP6/GY8hsI="}},"59nA401o4iC800BA+UPqgPRxWHGDf7fZEQjMjS1pins=":{"valueMac":{"type":"Buffer","data":"exPSUh0MJm+stVoTWnrOSeNZdNn7XYccRKNFOZ9ta0U="}},"6Ies9IXlEM86+9a7ns0EeAZYgIOpSK5R7X8wYdUM/vg=":{"valueMac":{"type":"Buffer","data":"z1r9cpxQgColx33BV5KBtrc7I/0LDV/vKHVAHne+TzM="}},"6PgXEzrDJgZXUmdQQeBEuwPsl+X2QmkQlCKKQ2SU9VI=":{"valueMac":{"type":"Buffer","data":"m6uyLi/onQMbE4PyfhJYeSURt5ZjwEmcbOtFO1RXd1I="}},"61T6ZKhTdSS/q2cWYhVC+KwN2jZU/rqRIXOXleUhYfQ=":{"valueMac":{"type":"Buffer","data":"egByZvhCZPA1/XUyxlEmo0cSsJoUSfZO+BAH4KWT9Ig="}},"6+yoHCaQzvhxzu2poL8opdxmLOFhLKZNRJKJ9IUeaG4=":{"valueMac":{"type":"Buffer","data":"caw1RPWNIABbhcFh2lCIKZMGs+A2j+w+cl/YGzPY/Nw="}},"7WCmytnjhtrXAWtK2VlrHbAc7BLhmK6j4cGeIE9p+vo=":{"valueMac":{"type":"Buffer","data":"Ni9HikUJc53dz6yETKcRBclwXwuMpJq7VvhrZ0ZPQBQ="}},"7XyTaTQIh1PTJ9zqN3wBVyNRaysnsMBJNOHOTei0/vM=":{"valueMac":{"type":"Buffer","data":"3ugl8CAKx9/QVv23RAHTbIhvP0RjcOGl+73mprr2ODg="}},"7ZwTgNsEVVKCULLY2dvFdNH5SDgI/sp2tR5DVD5MEcg=":{"valueMac":{"type":"Buffer","data":"aWrt4K4IA/YViCGWTSdO7+FspL5/+8s/sH6f2pZ8hhA="}},"7g0LTsa2gqtGlrVbsr5YsLiPjZy0IvXXYAYfd/Twqfc=":{"valueMac":{"type":"Buffer","data":"nIW65en+Q/HgcRjV4Z2l1qEeiIQDHGER+F7lqPAR6Wo="}},"7mEd6aOXLob2u7n0iyYpWjD6g/HHGKaIJO1EAHAcDSc=":{"valueMac":{"type":"Buffer","data":"eV7ofxEX3GbKaTC0QwjQN5dR9ekbqgpkpkkVYDt0Rx8="}},"7phIUQOoX6VzmhpQ1KQBo37ogUmycyp4c/CeBmKjQO4=":{"valueMac":{"type":"Buffer","data":"964qYqLk88ay4hRldn26b9Cn2bUvQXvcYRj2uOheaM4="}},"7wSS9vdbSNrpUVRtTC39EzzzswgCu26IErTsoQsjrjA=":{"valueMac":{"type":"Buffer","data":"yxw5uqbX/OwsAM3CrxsNkAWPqM+Eq5XcB67wcbXpGy8="}},"7+GcWqDNLy9C/qhr8zCKojWw1jAIfJA4/MlJAk5K5OA=":{"valueMac":{"type":"Buffer","data":"e6A7d+rzge5hwnuGvbTZmR0Jl3oSJywBWrnQUe6Oi70="}},"8Ng8iPzzm6ADWcTNaDe3EKKyVCSv/RJPon5izWJhp1M=":{"valueMac":{"type":"Buffer","data":"zpufXZrnAIljBbJOCZZzl4Eeeh/QbgFLk+m39C8+Yq0="}},"8QbbSAuxQtISwJPMLWZCzpfBSL2TEoBrl/QdetHTsXw=":{"valueMac":{"type":"Buffer","data":"nikUR0ZyEwvsQ1Bu/nl4Co1Z/yo4jRuXT7Txdzbgdv0="}},"8XzcAFuj4ggX5lHA3NA23yryU+uZGsPsCS009knmLeE=":{"valueMac":{"type":"Buffer","data":"NiAFH2iBlpna3uNVLKMsZTgQzlfHqNytFJJJLW/JNeo="}},"8yMMFsaX9WOtbBWd4Ua0gI0H4J8+UiSPF78S2qAN2UQ=":{"valueMac":{"type":"Buffer","data":"f4grR8KR0CiQ+W64hXHuSrQMXwQqyLVSxfbGeLDU14A="}},"87wiE4wp6aWXh4K0FsHAA0sOL68/ouGytttQIUBANy8=":{"valueMac":{"type":"Buffer","data":"ep9gCPbRKoobYTtCnkuVK9K0h2V57pWIpq0q+3vFphI="}},"9dNye/TMauIbyp0xNzVpu0YobtDeqQTy2L3hfGCQ3D4=":{"valueMac":{"type":"Buffer","data":"IK2P5aUaK19PrrqPU5E2Ewi94kMiL6o1mq4MzrKAk74="}},"9gUmLK5eNGDjVRtJ2XKH/FhjNIh/3hk0hvw4Wo/rPl8=":{"valueMac":{"type":"Buffer","data":"Ajw+7gp7UQ9UnlPK2nz66A6jFljD/qtSkVBm7GolVGY="}},"+EFkcBUuX5mWZi4p1JXiC5Gxs1ZVP6Tivp5hL/20Zp8=":{"valueMac":{"type":"Buffer","data":"gXPSGxKcg7wCjpHjgcRNPmFvqdsBpwygKJ97ef0W7JM="}},"+KUklABNNjTtFpWuwe/gMwchw1qD8i9fr31kJj++B7Y=":{"valueMac":{"type":"Buffer","data":"oLcs0MXYI1qNACvU1EJumGmm/Z/r2ExpnQIuTI4OrdU="}},"+thyLviZz1IR73jbGBOY3FQ3AAeCLUp+l+D+6pvB23c=":{"valueMac":{"type":"Buffer","data":"SM4vu1CQZNTOQOHZEfRG85b8l9GgqUjBj0lwl+/EaI4="}},"+vYkJ/Yn1auTziOl8Xi/9XkLsSk+GAdgeLaO4rM25VM=":{"valueMac":{"type":"Buffer","data":"Y+LZIIVCQpHa17vzaGKRAxRAXsUpPIEu7EhtVy4wJw8="}},"+vziCWYm0cf7qaM4LoAm9BHUQbscEd6zZYMYguVRz90=":{"valueMac":{"type":"Buffer","data":"u/viU3B3Wu9cSHYqCIZPZatU2S8b99Em8/c41/UrSjk="}},"+9be5MqxJ8RqhgsLRxzE3N74Z7iefJhjXcGYo8yhRtU=":{"valueMac":{"type":"Buffer","data":"MkPGMfrchpJirszaAsUQcid/9HIo+uK0BcVGP3uUe24="}},"/Asz9EntwAXH0ckQVsZhzbHj26Jpw+uuGrDyjvsyytw=":{"valueMac":{"type":"Buffer","data":"5kdBueLh7q6WYVnc8/rfwVE3zV1wlTPfwJktyTwpqYg="}},"/SzSWtjr/96lv/v/Sl7DcfBroPLbtuJ31fRhMvdxqxo=":{"valueMac":{"type":"Buffer","data":"mfZo1SCR1iU9HIh8f+xSdYqHp0suuuMWsEkw+keUSKA="}},"/ZnBYCMl7CL5IMg6Aug/3jVRCYZCERvRjVCUSICCqL0=":{"valueMac":{"type":"Buffer","data":"AY9ujTEdLivsToeWoCBmqXXMWNEsY4VWGR8vPTjk76o="}},"/iGbbCioPbbUuCzeRtNZlyEsV9gRxoPGNMUvWCDzPVw=":{"valueMac":{"type":"Buffer","data":"+3F7/bPoUK7ClIU7OYTW94IKjWDsnkynP6wGw9K3PsE="}},"/uNlCitTP4cUKNjMCJ7f0TQLJ8LZJhJjLu/TXXzeF10=":{"valueMac":{"type":"Buffer","data":"kbeJqSDg/ugOMEsnF4DEppMTKlRRULG7xxXTm/rc1WA="}},"C8jakA1yb2zTjQhrsyTLeb2YGkF8bBCYDRGFdQ/xhwU=":{"valueMac":{"type":"Buffer","data":"87Bu6BJbJ3qVQNxKXPKp6wYTzGFKIcuRw3BgoB13GzA="}},"rFkblkdEdZ5iRKs4D5r1Ubg82YSy6613E67b/TmUwQk=":{"valueMac":{"type":"Buffer","data":"hTf8W+yzvynFpGdFq3ehhszi0Upbyvn2SU+ZoiiOXY4="}},"KZ0lz4KrjrSU77EyyDNJ2H8WUJcgkUr8EEC2BPYhNHg=":{"valueMac":{"type":"Buffer","data":"o+5cY+vzN1Qk7+hPV8HAjhMlK51oPDbHBtOl8K/7kXc="}},"RsrNzWyGZQEeLGcGhChstVXaV8amz3KAK8xWFx9b7Rs=":{"valueMac":{"type":"Buffer","data":"s4/VXlB9uF6rN1TASMtUwI/LIgaRLGONiRgylNq3PUI="}},"ZYcWqUS0BGL0rGk6yYuNVqVHDlkl12XBjqKDxbokLko=":{"valueMac":{"type":"Buffer","data":"0F5bqTu7hQpAqXMuu/h9r8PaTpqfRhtoaD2Y4rsU5j4="}},"+BV++cH0sQ87Q37Nbj54F2nf27VC6enI8f99b8pLVnQ=":{"valueMac":{"type":"Buffer","data":"uw6z16bL7ffkVDFCGBAcgJAdniz/r6+5wv7VoKrVpCg="}},"hhjDLfX6eSsvFTPqDeNGoFnWLYIJnRDp6U4YQ5ZHz2w=":{"valueMac":{"type":"Buffer","data":"41/JIdT9YorfEl6dQkh4wyYoYrZEFKTElj5J+KLdOwc="}}}}