{"noiseKey":{"private":{"type":"Buffer","data":"AHQb4ggwVW2Aa+FXof8diDDZomeLH1z53s+1n9t/7VQ="},"public":{"type":"Buffer","data":"fsnt8PgrSdpjBDpIE9pBEUHOsd3Ewu1TwyvDKYK0mys="}},"pairingEphemeralKeyPair":{"private":{"type":"Buffer","data":"SCFha9waLwRr0/Zr5XhJqBJ3+o1ALzg96mPyGzGLw00="},"public":{"type":"Buffer","data":"gQG45Fs5ZGPcEII/XI3A01P86S469gRDEVBdKXdL7g0="}},"signedIdentityKey":{"private":{"type":"Buffer","data":"yJIFQUxQQlsPdQWp/18MH4zX70XWQs+CAu1uafK3vlw="},"public":{"type":"Buffer","data":"K+i3qzdB2s2ayeVhr4uGppz2phdSjDY/eZOnQTe8eWs="}},"signedPreKey":{"keyPair":{"private":{"type":"Buffer","data":"OA6KspZGHQ+J6Lf6HlIBr6VpYAaeev8IiBwyBEOS7nw="},"public":{"type":"Buffer","data":"KTvwE+Gl9N5MAIZMFhu07U+AeHO9S2AGP8DKy4rPJz0="}},"signature":{"type":"Buffer","data":"dUR/5XLr1tSWGNk5kLrjruTuIZE5lPXR7H+2t7RgK4gqaHAolGGB467+CYramk0hp1YCRqOSeScTPY3ImbNGhQ=="},"keyId":1},"registrationId":8,"advSecretKey":"oVNg2OPWPly6J8qeZWjpyO84XZS/TlIkRHxaSK2z/wM=","processedHistoryMessages":[{"key":{"remoteJid":"5214492899612@s.whatsapp.net","fromMe":true,"id":"A59E4AC4AC09444BAFD103F181DF2745"},"messageTimestamp":1760553515},{"key":{"remoteJid":"5214492899612@s.whatsapp.net","fromMe":true,"id":"A52B306C2880454F417A96A3869CC12F"},"messageTimestamp":1760553515},{"key":{"remoteJid":"5214492899612@s.whatsapp.net","fromMe":true,"id":"A5EF87F2AD1C3FAC29B1065CDF90B0B4"},"messageTimestamp":1760553519},{"key":{"remoteJid":"5214492899612@s.whatsapp.net","fromMe":true,"id":"A58C2360EB1F4E48F688D08470BB2BED"},"messageTimestamp":1760553521}],"nextPreKeyId":101,"firstUnuploadedPreKeyId":101,"accountSyncCounter":1,"accountSettings":{"unarchiveChats":false},"deviceId":"cnDfRG17QY2KF6LIXLVxbg","phoneId":"973e6043-d39f-479b-ae43-5c061e36ae9a","identityId":{"type":"Buffer","data":"kVIOvI+rP6yCveYEkPAyh9SWuFA="},"registered":false,"backupToken":{"type":"Buffer","data":"zgSqpMeiHgsCAJK0klbfW3Ds36A="},"registration":{},"account":{"details":"CKLPl/YHEKfUv8cGGAcgACgA","accountSignatureKey":"d+r43TiEat1CqnJMN5YCExVSf596RoEIucPg/fl/+i8=","accountSignature":"PVcVOS3+18h4iHtxHk93WgzMXBBKULJiRq0Stlb6RQAfPXYElw0kYY7NcPwpDWtR34jazNVUdlpSyWt8maYQCQ==","deviceSignature":"JlN8sAi/Yf1F+2FggtxhZA96bdIo4jEi7yugP/RcZZ257Jq1M7T66ipFCkIpwtjHmtqxQRAdIbQMkRCFNlTfhA=="},"me":{"id":"5214492899612:10@s.whatsapp.net","name":"Centro de cómputo ITA"},"signalIdentities":[{"identifier":{"name":"5214492899612:10@s.whatsapp.net","deviceId":0},"identifierKey":{"type":"Buffer","data":"BXfq+N04hGrdQqpyTDeWAhMVUn+fekaBCLnD4P35f/ov"}}],"platform":"smba","lastAccountSyncTimestamp":1761567524,"myAppStateKeyId":"AAAAACUj"}