[{"senderKeyId":2044205581,"senderChainKey":{"iteration":2,"seed":"OffIJzNW34EdNpTuztb6v8PXg3puCdNPPe9UBHrbnMU="},"senderSigningKey":{"public":"Bd69z/S8YSCLAi+eD5SMVY0toJIH4RckY3AT7B1xobIa"},"senderMessageKeys":[]},{"senderKeyId":50674493,"senderChainKey":{"iteration":9,"seed":"i5A4n1C18mjy//9lMCpfk1vykN8OltdRs2pYKb4dsyQ="},"senderSigningKey":{"public":"BVmtb9vJXQyR1G/00HpkQhoPd431L4285w6DVPHC6KVu"},"senderMessageKeys":[]},{"senderKeyId":50674493,"senderChainKey":{"iteration":7,"seed":"hSVyft4lHrQuADUuwsG8qWuNYs6Zg9gDgwLb2iCHPRU="},"senderSigningKey":{"public":"BVmtb9vJXQyR1G/00HpkQhoPd431L4285w6DVPHC6KVu"},"senderMessageKeys":[]},{"senderKeyId":185404867,"senderChainKey":{"iteration":4,"seed":"8B4nigwDVzPZpg7bFms95w3ho1ODlG9piNq0+XQei0A="},"senderSigningKey":{"public":"BdHePtRscqirwOZZiqX+LbocH1KtZ6eF9FZORHiRjHNQ"},"senderMessageKeys":[]},{"senderKeyId":185404867,"senderChainKey":{"iteration":3,"seed":"cRF7Wl4UmN2TYqnRJZmSVUna9PhRqA1y47QtRog0/RE="},"senderSigningKey":{"public":"BdHePtRscqirwOZZiqX+LbocH1KtZ6eF9FZORHiRjHNQ"}}]