{"_sessions":{"Bc11eCqzXWR0VkrgnnN75u2XKQtkWWxZLaxS1OvgbQUJ":{"registrationId":7314,"currentRatchet":{"ephemeralKeyPair":{"pubKey":"BaEV2U6kcfghejJ45lQOA9M4u/MTbLsx2zs7Ua+ZtPor","privKey":"GE1MB1+WlZUWt0VH1wCZsZ4Z/Ri1sAmSpqWkwjg9W20="},"lastRemoteEphemeralKey":"BRvPMK1D2sHKIObRvDpJ9K0Dc//NTH6qzS2gHxxfZ8AH","previousCounter":0,"rootKey":"ySrwkd89SI9vq3Aw3L2NGjnUDJ2MmCvU10iZ4khWF8I="},"indexInfo":{"baseKey":"Bc11eCqzXWR0VkrgnnN75u2XKQtkWWxZLaxS1OvgbQUJ","baseKeyType":1,"closed":-1,"used":1761336291266,"created":1761336291266,"remoteIdentityKey":"BWWME0a0Rl8Gl9Dn3w3P455qnam+rnFm73ar4OqrDQsc"},"_chains":{"BaEV2U6kcfghejJ45lQOA9M4u/MTbLsx2zs7Ua+ZtPor":{"chainKey":{"counter":12,"key":"DbyQJGWNlfL3etfFTPxcLz6Kuvep0cJH4SHlJ4zovE4="},"chainType":1,"messageKeys":{}}},"pendingPreKey":{"signedKeyId":1,"baseKey":"Bc11eCqzXWR0VkrgnnN75u2XKQtkWWxZLaxS1OvgbQUJ","preKeyId":4594823}}},"version":"v1"}