{"_sessions":{"BTuUr/zmYF0BGusmA1nL1xB49V5B60wrwk7Ym3518HE2":{"registrationId":12677,"currentRatchet":{"ephemeralKeyPair":{"pubKey":"Bagqg0ZpgZBE/Utp/Yzheqdu9kZD7slCWaB4AFkFZFhw","privKey":"eMQikQkwWjPO42purbKn372YlrwkfOuzNqF+dQiIuWU="},"lastRemoteEphemeralKey":"BSyzbxmJAQWhsr0+3zgrtVlhTB3ne/HdPJMNrfiNs2N1","previousCounter":0,"rootKey":"uiC+VvJbHn2UquMbQRG8QtMLHWXUX2EdA+rISvqy2VA="},"indexInfo":{"baseKey":"BTuUr/zmYF0BGusmA1nL1xB49V5B60wrwk7Ym3518HE2","baseKeyType":1,"closed":-1,"used":1760633957547,"created":1760633957547,"remoteIdentityKey":"BdRuf2bHZWJs+121eqDty7zIJwTMt1VxXX+XbBrHm+Nb"},"_chains":{"Bagqg0ZpgZBE/Utp/Yzheqdu9kZD7slCWaB4AFkFZFhw":{"chainKey":{"counter":15,"key":"QIf3sUkTYMzDKcQGT+md5lYHiG8wdmRB9k19Vo6r8VU="},"chainType":1,"messageKeys":{}}},"pendingPreKey":{"signedKeyId":1,"baseKey":"BTuUr/zmYF0BGusmA1nL1xB49V5B60wrwk7Ym3518HE2","preKeyId":637}}},"version":"v1"}