{"_sessions":{"BTHGHtm5VdxjMmheZKsaCdDJgrCcZWQwNGt/bq3NnOdR":{"registrationId":13147,"currentRatchet":{"ephemeralKeyPair":{"pubKey":"BX9DFakcXPewEcDQ8Zr5UFwQAI2/5+Fi5DG7Kr2zi3N6","privKey":"YAq9X5XZP+Old4NXe6uh2bNZ2pIhx4xnRCh+SgncXn4="},"lastRemoteEphemeralKey":"BVUQBGtTeVQd2SlSaxJ12AHt/51r9NXyjqDVuBYuLbQp","previousCounter":0,"rootKey":"oxKcV7QXsHEfQpRpjofzy6ILw9A9dOEvIPeaqTOmsL8="},"indexInfo":{"baseKey":"BTHGHtm5VdxjMmheZKsaCdDJgrCcZWQwNGt/bq3NnOdR","baseKeyType":1,"closed":-1,"used":1760566238776,"created":1760566238776,"remoteIdentityKey":"BflSUo8dXg+ICFCOzwWM/1HAVuPUD0+5ozg5x8Hse6Zw"},"_chains":{"BX9DFakcXPewEcDQ8Zr5UFwQAI2/5+Fi5DG7Kr2zi3N6":{"chainKey":{"counter":18,"key":"eSWlAQD6SOHJ4jbrOPtDhtDtCXyxosDacHBBoEtV9AE="},"chainType":1,"messageKeys":{}}},"pendingPreKey":{"signedKeyId":1,"baseKey":"BTHGHtm5VdxjMmheZKsaCdDJgrCcZWQwNGt/bq3NnOdR","preKeyId":6650043}}},"version":"v1"}