{"_sessions":{"BfLdq9lpf8F5dzs6grhJ/X/bnAZKjr80WksqvoAIrPpf":{"registrationId":300122535,"currentRatchet":{"ephemeralKeyPair":{"pubKey":"BTn4H7drCcf3kJ7OsACwOtmj4N9X4pFQqcYUkqVg9IlR","privKey":"0FC9SoqROhKsy58kyj3SDknHSG5oKdmYTkqCJ4+G8UY="},"lastRemoteEphemeralKey":"Bdj9yzPpUprpDxtJUVpUf22A6kQ4QRTIIoBy9JI0Jy1e","previousCounter":0,"rootKey":"wPgn8mUn6PYlvne1F85l0BogBwOYOUBeX9s9i522eGE="},"indexInfo":{"baseKey":"BfLdq9lpf8F5dzs6grhJ/X/bnAZKjr80WksqvoAIrPpf","baseKeyType":1,"closed":-1,"used":1761597781423,"created":1761597781423,"remoteIdentityKey":"BYt2b2dVn9GbLISagxi1fcLbQRKs7wAK2tSiRKCwe9E1"},"_chains":{"BTn4H7drCcf3kJ7OsACwOtmj4N9X4pFQqcYUkqVg9IlR":{"chainKey":{"counter":18,"key":"xEgQEL2hnfW9bXBpgoAuIOhV0hUFmJ4ZLEOkOxfE470="},"chainType":1,"messageKeys":{}}},"pendingPreKey":{"signedKeyId":1,"baseKey":"BfLdq9lpf8F5dzs6grhJ/X/bnAZKjr80WksqvoAIrPpf","preKeyId":1358}}},"version":"v1"}