{"_sessions":{"BYvoYZb18uobo5rgLJ/0kT8KQFaXBTTMyFuJcniiEbk2":{"registrationId":480886321,"currentRatchet":{"ephemeralKeyPair":{"pubKey":"BVRn6WQcAs7Uem+yDPMJxZHMO6GYMLtO2pBLSTIEb88z","privKey":"6BAwefk34SRlWcFxtFJ84iyozjCQDhDsqmF2u57ueUc="},"lastRemoteEphemeralKey":"BeRwQFGMUn+0yx4EHi/tEhfaDP6/yi1/tZe+yzB2ETQs","previousCounter":0,"rootKey":"eFPg05dJr4CCKL/kDzpmlLGVpJYVk35lKFnS3YilPYA="},"indexInfo":{"baseKey":"BYvoYZb18uobo5rgLJ/0kT8KQFaXBTTMyFuJcniiEbk2","baseKeyType":1,"closed":-1,"used":1761684216926,"created":1760566238779,"remoteIdentityKey":"BRx1C/r9kNmmtNpYb+OSewqBsIVmAyk9PIk/Hl9zXcMN"},"_chains":{"BZHOWlXg9IJ4ICoiv7PpfMsm1HbiqHVQtvEY29oIzJ8M":{"chainKey":{"counter":0},"chainType":2,"messageKeys":{}},"BQd0vitkvEJCNgWXNm+mUOaTQ4+TKdtxdrGZPdPan0Au":{"chainKey":{"counter":0},"chainType":2,"messageKeys":{}},"BZYaPNBruUYy/1+k3X2Y+p2WTFf65qdIcEEXVxFCxSAc":{"chainKey":{"counter":1},"chainType":2,"messageKeys":{}},"BXg2ISL38mVFnCCmCuJ1UX8BU5PXDbUWw9YBNaK3MG4j":{"chainKey":{"counter":0},"chainType":2,"messageKeys":{}},"BSeTjsSC5VjPZOSIAz1jzewJrhgrueCrfziYLKnR7m8w":{"chainKey":{"counter":0},"chainType":2,"messageKeys":{}},"BQvTX1CCpftOZpaJDs553BFxkPz5MDqHDLW3BH2xBx0I":{"chainKey":{"counter":1},"chainType":2,"messageKeys":{}},"BaFg464LCTmHXeU26qehETr4PFhNu/SeQ7hnP8JvJjpt":{"chainKey":{"counter":0},"chainType":2,"messageKeys":{}},"BY8RmJYZbJepyS9tLLnHu+JSGfnVK0chKohtwoGjUb5p":{"chainKey":{"counter":1},"chainType":2,"messageKeys":{}},"BWsyihT89hRJnth88ZTLO3EiFlFUN19cDCcIEtoG68Ij":{"chainKey":{"counter":0},"chainType":2,"messageKeys":{}},"BeqPh+78+AU0eACeiD2reGQ3hT3gO1zcgwoa9/8rl61j":{"chainKey":{"counter":0},"chainType":2,"messageKeys":{}},"BTlVaFvWiqCMjJlDZu41NdpImX416ko1/w/9XhynIEQQ":{"chainKey":{"counter":1},"chainType":2,"messageKeys":{"0":"b6s+CO14OzQpFgyb6Qb3uegbQUphb5RUhYJM1TM8XgA="}},"BWWyGVSNc2y7VYqgc0oMzvIt3YwVY0GoqfNHtySvfiVn":{"chainKey":{"counter":1},"chainType":2,"messageKeys":{}},"BY+eUE3nc2gPjJEsCgMLcgolAU6krizgGq5CyxSzjR97":{"chainKey":{"counter":1},"chainType":2,"messageKeys":{}},"BeRwQFGMUn+0yx4EHi/tEhfaDP6/yi1/tZe+yzB2ETQs":{"chainKey":{"counter":0,"key":"0viVOnVCMnLZ2Q5IV2JUq0jSKvasKMByLdCnEJIOuHs="},"chainType":2,"messageKeys":{}},"BVRn6WQcAs7Uem+yDPMJxZHMO6GYMLtO2pBLSTIEb88z":{"chainKey":{"counter":0,"key":"cKfWPXwBc4FcBVKt6jmfTRe3WQS6EhrcdLylXxFho50="},"chainType":1,"messageKeys":{}}}}},"version":"v1"}