{"_sessions":{"BYNduQ9uEl9523AO54PHvIwTl+HlIn+frBcJOkPZvi41":{"registrationId":10386,"currentRatchet":{"ephemeralKeyPair":{"pubKey":"BVfLtDqu1byIduF3J3/swAZvFKMLpazE8ryaGbMNPZBk","privKey":"kLWrHP/XaUOotMky9uwZC/Blcsp1yAjQC5EGBohGYnA="},"lastRemoteEphemeralKey":"BXrsAMSLi3p/vceWoxtb0qtSrcMCd37ZaGCD9dkGoQtW","previousCounter":0,"rootKey":"tvjL5TsSiInaL3rfcYdb/OwSnBZYrNHee7UlB813yUY="},"indexInfo":{"baseKey":"BYNduQ9uEl9523AO54PHvIwTl+HlIn+frBcJOkPZvi41","baseKeyType":1,"closed":-1,"used":1761593210562,"created":1761593210562,"remoteIdentityKey":"BVkaaA7b7Uw3gWK5RQiYmTysb+QpnvBrS7Rba9qavHBH"},"_chains":{"BVfLtDqu1byIduF3J3/swAZvFKMLpazE8ryaGbMNPZBk":{"chainKey":{"counter":3,"key":"L8VIaolClLwppV2Ad4XM28DlnUPoUOBAl1EwMHN6/Ec="},"chainType":1,"messageKeys":{}}},"pendingPreKey":{"signedKeyId":2,"baseKey":"BYNduQ9uEl9523AO54PHvIwTl+HlIn+frBcJOkPZvi41","preKeyId":1632}}},"version":"v1"}