{"_sessions":{"BRE8bHT/dowM3HwcSUvAc6g9f/uS9kbHLSsGEoE3/z8V":{"registrationId":859567398,"currentRatchet":{"ephemeralKeyPair":{"pubKey":"BXQTf7se8P3djpgMxVXA3G8ukfQweMBmi/IF/awDcgA8","privKey":"UNTuJnuWfJqHICgywCBwjPnykBbYX53AQ/np6xT0v1A="},"lastRemoteEphemeralKey":"BUHkwiMCdt4DVQhIHpyshUKoP6nqddR99RGcq8tVDeRC","previousCounter":1,"rootKey":"yAtKd5S4oGmnGddVOntSxZ/5YVR8uw2GQ4+v9V5tZpg="},"indexInfo":{"baseKey":"BRE8bHT/dowM3HwcSUvAc6g9f/uS9kbHLSsGEoE3/z8V","baseKeyType":1,"closed":-1,"used":1761598687048,"created":1760566238777,"remoteIdentityKey":"BbjqA91dnaHVxapaQEFE3WKBOaGsF/3YyZklydqkgEIT"},"_chains":{"BUASpoBr1aw076D3G9EtOHHvZhJThvaSwP76GxkRsYQK":{"chainKey":{"counter":0},"chainType":2,"messageKeys":{}},"BRNHMVMnW1thVef6YiWonh3SKt0hYBSVWaedkO6XU6kg":{"chainKey":{"counter":0},"chainType":2,"messageKeys":{}},"BccNtybpkHkJv+L5n3kFjAVNKbMCyS3F24CHjJScq3hA":{"chainKey":{"counter":0},"chainType":2,"messageKeys":{}},"BaBL1LwmKQoD0jregkOZIkKUD59uHwURCR9MI6iDInwU":{"chainKey":{"counter":0},"chainType":2,"messageKeys":{}},"BWAm6oHI/fNJkeSmRICOjhkkOyW9OX5sJGVWd1/oSXAV":{"chainKey":{"counter":0},"chainType":2,"messageKeys":{}},"BdV0AahRIbleAABjEdBmozvM7whpTIHak8HgUjT9Cucp":{"chainKey":{"counter":1},"chainType":2,"messageKeys":{}},"BZw/BU85Vg1ckq2jRw1FJeWAQWckAH9TeaXShx660gAn":{"chainKey":{"counter":0},"chainType":2,"messageKeys":{}},"BWgupL9hQWtzn5nn+vtcNMoRhWP0S88jZ8K9Cvypdhcc":{"chainKey":{"counter":0},"chainType":2,"messageKeys":{}},"BfShiXvwWqtHlO2rb+DpnDQgKT0OjGhrDRkPFDmvqop2":{"chainKey":{"counter":1},"chainType":2,"messageKeys":{}},"BVpNDXp2d0tuVOvURS+Fob8TR+1yKZZj3UsHr1AV0fMv":{"chainKey":{"counter":1},"chainType":2,"messageKeys":{}},"BcOck7aiSCYkjK58mHzlRMDtbwe5DpE66WJ3pULf6rce":{"chainKey":{"counter":1},"chainType":2,"messageKeys":{}},"BZzO2awaJoeKMXl616mLpeOR/AxabUIbR+B94ZR+VtUo":{"chainKey":{"counter":0},"chainType":2,"messageKeys":{}},"BUHkwiMCdt4DVQhIHpyshUKoP6nqddR99RGcq8tVDeRC":{"chainKey":{"counter":1,"key":"X8EzGWIX6lBMxBtwR+a/AV89d9ZIK+D9YgdsI/LHX0A="},"chainType":2,"messageKeys":{}},"BXQTf7se8P3djpgMxVXA3G8ukfQweMBmi/IF/awDcgA8":{"chainKey":{"counter":5,"key":"Eb3ghv3mg53ns+GhoNujPcc3Wx9Bzq/UE0oBMiEwmoQ="},"chainType":1,"messageKeys":{}}}}},"version":"v1"}