{"_sessions":{"BSdS7kZ+93oxgugO6gJ3UCOzbttdDkgdgHk01JXTSAUV":{"registrationId":7986,"currentRatchet":{"ephemeralKeyPair":{"pubKey":"BS409DckwNRPDlAegw1Jxxpvb48sqCp/sutcNml+s/ZW","privKey":"ADNWOOB5dAiaf1xAblNgy8qJJqzVIgq1+dOQ8oXNbnc="},"lastRemoteEphemeralKey":"BczU9vldRAX/4KJwGnHd8iAqBzDeEvZXvdw9LChdNZFv","previousCounter":0,"rootKey":"ZPsvf7ccMflFhLvvKxIhahgLJ5/ycqCOkCztXZFk5t0="},"indexInfo":{"baseKey":"BSdS7kZ+93oxgugO6gJ3UCOzbttdDkgdgHk01JXTSAUV","baseKeyType":1,"closed":-1,"used":1760751797531,"created":1760751797531,"remoteIdentityKey":"BbZdloy68IgEBuOCyEjecv7NdXXc/teC84vRVaMj2wRK"},"_chains":{"BS409DckwNRPDlAegw1Jxxpvb48sqCp/sutcNml+s/ZW":{"chainKey":{"counter":16,"key":"0guAZOu/ZxTzmS8EsFKPb9dK6PBLs4MlaAQvQT44HOc="},"chainType":1,"messageKeys":{}}},"pendingPreKey":{"signedKeyId":1,"baseKey":"BSdS7kZ+93oxgugO6gJ3UCOzbttdDkgdgHk01JXTSAUV","preKeyId":667}}},"version":"v1"}