{"_sessions":{"BcoRp/GHQZ5CX/6ELAemfzWmCkGuTHUMegO+KduaK9hp":{"registrationId":14125,"currentRatchet":{"ephemeralKeyPair":{"pubKey":"Bbfi41PoNYe0pClEt5Dq1bXtAj/FDQWL57GqeYZf51Jx","privKey":"iMvC0KfjPTNb8EUV0+0cJdOPxaodJaYElVt84U30y3A="},"lastRemoteEphemeralKey":"BR9c/54rO1W5aIKs8E90TAr03P45zvI7arJzhICSj9Ej","previousCounter":0,"rootKey":"ugLmkyPxlI1mLn9tbSyQ2dFTCPDdMRe7NBod+6llIZ4="},"indexInfo":{"baseKey":"BcoRp/GHQZ5CX/6ELAemfzWmCkGuTHUMegO+KduaK9hp","baseKeyType":1,"closed":-1,"used":1760565849258,"created":1760565849258,"remoteIdentityKey":"BSSvlI4lbb6BF4jweksO6O35RW59Fx0dFHiE/cH+FTUM"},"_chains":{"Bbfi41PoNYe0pClEt5Dq1bXtAj/FDQWL57GqeYZf51Jx":{"chainKey":{"counter":35,"key":"yuVHrtJ8d1Of35D6s+7I4vEiilolaUAX5mvgBMF6vpI="},"chainType":1,"messageKeys":{}}},"pendingPreKey":{"signedKeyId":1,"baseKey":"BcoRp/GHQZ5CX/6ELAemfzWmCkGuTHUMegO+KduaK9hp","preKeyId":156}}},"version":"v1"}