{"_sessions":{"BfgwEfNqKjxRfBJVmiKkvxH4NVAx2xZRMft72xNCIoBp":{"registrationId":919248105,"currentRatchet":{"ephemeralKeyPair":{"pubKey":"BYYUufnKOC8mNO2jZE59Q99MokIV4LesI9uIg4HEat59","privKey":"IJ+SxB8+RI+GmIPvqttFsYJU3K7tsEXwvkHckUHSv1E="},"lastRemoteEphemeralKey":"BUCYWjZ6lTwzEHFg2PCLFvVM4PeK6l2fcg6BtdbVsxkW","previousCounter":1,"rootKey":"RD4MGJqhRXE8U2cBGtS5yceBlAFZaBQH/wJDkHv5OpE="},"indexInfo":{"baseKey":"BfgwEfNqKjxRfBJVmiKkvxH4NVAx2xZRMft72xNCIoBp","baseKeyType":2,"closed":-1,"used":1761594690994,"created":1761588778279,"remoteIdentityKey":"BQZ41Rvuc6DHgF+Y+Ke9v8i+aOMOvsBKh5brVovVKakr"},"_chains":{"BWazHtjjr7FXrflelg9exDBfebIswTumo4rrZZmMUm1V":{"chainKey":{"counter":0},"chainType":2,"messageKeys":{}},"BReoi4lnTMX7f3TYSAs9z193OlFCXFptSjzru3Ot3fQ+":{"chainKey":{"counter":1},"chainType":2,"messageKeys":{}},"BYk/7tI3Y1Sd4HgGXRYGW5DySf/xqCUyR/fosSvgaQ5s":{"chainKey":{"counter":0},"chainType":2,"messageKeys":{}},"BVdPQimR96vWb/ScsrMr9bnJyLhQRQGjDtFMVdEvwuUj":{"chainKey":{"counter":0},"chainType":2,"messageKeys":{}},"BVQk9bb/WyJpPP+0F9l9qJemK07ChdYlfLjS7gmkAf1A":{"chainKey":{"counter":0},"chainType":2,"messageKeys":{}},"BSlHb5X4lfWL2CpHSQVAbaHTLwTxjiC776Wrzu1rKJFu":{"chainKey":{"counter":0},"chainType":2,"messageKeys":{}},"BUCYWjZ6lTwzEHFg2PCLFvVM4PeK6l2fcg6BtdbVsxkW":{"chainKey":{"counter":0,"key":"LutYdw8jsFsK0iZcSO0d6KBhlEdv14cWnkOPeBxaAV4="},"chainType":2,"messageKeys":{}},"BYYUufnKOC8mNO2jZE59Q99MokIV4LesI9uIg4HEat59":{"chainKey":{"counter":6,"key":"d+8DjI4IAcS02IHHEBizeN2UORt/ByM1qhPMN9HYOek="},"chainType":1,"messageKeys":{}}}}},"version":"v1"}