{"_sessions":{"BTNAcfnH9dlpZNVTKcmAZMkBV0GGu+rMQ3KKXwd0Fbkj":{"registrationId":1244311256,"currentRatchet":{"ephemeralKeyPair":{"pubKey":"BYrcL2j1bYcLI0ukR+J+WDLBg8vWAWbF0I1AN8C8qpI2","privKey":"UNcxYKsky8bucg+ZMElo8tYBAbEyeu+YqwDPxe/IAEg="},"lastRemoteEphemeralKey":"BTcVSae7yUI6COXgWkiScSYh7palc2Zp0GRiGV4pOlQY","previousCounter":0,"rootKey":"bkR+gaPJQi0N+im/rUhZoXjaXHnGDp+lfSJKlrSMIn8="},"indexInfo":{"baseKey":"BTNAcfnH9dlpZNVTKcmAZMkBV0GGu+rMQ3KKXwd0Fbkj","baseKeyType":2,"closed":1760736899271,"used":1760736898170,"created":1760736898170,"remoteIdentityKey":"Bfh7+LWd8zruot0A48p75/cvyfQ1hxTKoNV6kBdXmmQx"},"_chains":{"BTcVSae7yUI6COXgWkiScSYh7palc2Zp0GRiGV4pOlQY":{"chainKey":{"counter":0,"key":"q6BqcCDsA5IRxbnGLDaQieva3w4/pLvTkVbEjqGAfYQ="},"chainType":2,"messageKeys":{}},"BYrcL2j1bYcLI0ukR+J+WDLBg8vWAWbF0I1AN8C8qpI2":{"chainKey":{"counter":-1,"key":"50bHU4aMC0+PBn4Oj+p/3QCg37sOLV+wGqsWFQnePK8="},"chainType":1,"messageKeys":{}}}},"BZvss/ufudQUNRiKXwgbKxoMCYmjdsFwLzDRdhAhJjYP":{"registrationId":1244311256,"currentRatchet":{"ephemeralKeyPair":{"pubKey":"BWtFecNNhlg+rTTxtr09ZCfne+pj0ULQrU79GHakUzNS","privKey":"IAhIwaL6y544312zXZf81Ky3DHakB1d9FilGQZyGlHI="},"lastRemoteEphemeralKey":"BXSHl7tSmjHjVbKJ+9jeBGbjXRqFrw/6bHT8JmJdzUI5","previousCounter":1,"rootKey":"jVakTW87syTkGhUaaPnOQe9/SdAZarmamuyY+iyRlaQ="},"indexInfo":{"baseKey":"BZvss/ufudQUNRiKXwgbKxoMCYmjdsFwLzDRdhAhJjYP","baseKeyType":2,"closed":-1,"used":1760736966426,"created":1760736899271,"remoteIdentityKey":"Bfh7+LWd8zruot0A48p75/cvyfQ1hxTKoNV6kBdXmmQx"},"_chains":{"BdHqTpL/uXb6prJwdGoYsiF/+fw3vNSggSTNOf2TQU0F":{"chainKey":{"counter":1},"chainType":2,"messageKeys":{}},"BcKP68bHTRT6BMx3zRuDzwnu3+Cadro82EJuj5U8JuQl":{"chainKey":{"counter":0},"chainType":2,"messageKeys":{}},"BUVEpJ7oUcyBXU1DAmOiyAad4Oex6uJ0Dqtw1qA/BgNg":{"chainKey":{"counter":0},"chainType":2,"messageKeys":{}},"BUZwmqQJc3GT1E0LEX7TFwrjZ10oFHoxRMQbdIBTVmFr":{"chainKey":{"counter":0},"chainType":2,"messageKeys":{}},"BWXjg32nwt//k/c6UDAn57V8qXh+yfn6q8OVxWf8qLoY":{"chainKey":{"counter":0},"chainType":2,"messageKeys":{}},"BXSHl7tSmjHjVbKJ+9jeBGbjXRqFrw/6bHT8JmJdzUI5":{"chainKey":{"counter":2,"key":"cZViyrBdQH8TNeAaYZkXeN996mhxVwhKf9vadlY5tXw="},"chainType":2,"messageKeys":{}},"BWtFecNNhlg+rTTxtr09ZCfne+pj0ULQrU79GHakUzNS":{"chainKey":{"counter":7,"key":"w/kihFmdo4LA6URox0+L0Gw9wVRpUbxRdSU0P+oFWU0="},"chainType":1,"messageKeys":{}}}}},"version":"v1"}