{"_sessions":{"BVQbYPARBazByKdVkDbAXr1aAdPz82h8e0Z1aCFytFwh":{"registrationId":1332541480,"currentRatchet":{"ephemeralKeyPair":{"pubKey":"BQ0EyAa22W2yhY8h2Vdiq8eOnPEMHhwUVIaD/v5dCJRr","privKey":"QEAfHhFdBTDelpni/O7rEB6/wnbLhN0sM2aa4uD0dn0="},"lastRemoteEphemeralKey":"BZ4QZS0/3C+M75TFFIMfsYny5St3LKtCWVLg1yt4E+gk","previousCounter":0,"rootKey":"rCEyYm4pKGRXg2zLox+/yOV5EHVWvwcYVT+jpDbpHFk="},"indexInfo":{"baseKey":"BVQbYPARBazByKdVkDbAXr1aAdPz82h8e0Z1aCFytFwh","baseKeyType":1,"closed":-1,"used":1761597781424,"created":1761597781424,"remoteIdentityKey":"BalxdmJw5hYkCuiCS0Gqc4u6sH6JwnFA+cjAFI8yR80/"},"_chains":{"BQ0EyAa22W2yhY8h2Vdiq8eOnPEMHhwUVIaD/v5dCJRr":{"chainKey":{"counter":18,"key":"9lOGiXqBoX1flkHhGzlaBzuTSzj/JNH0cx6k+b8gN7Y="},"chainType":1,"messageKeys":{}}},"pendingPreKey":{"signedKeyId":1,"baseKey":"BVQbYPARBazByKdVkDbAXr1aAdPz82h8e0Z1aCFytFwh","preKeyId":387}}},"version":"v1"}