{"_sessions":{"BV8gotl4Co3JihdB5xuJZX8oGaiweAiNvdYTRkqqUsk+":{"registrationId":5612,"currentRatchet":{"ephemeralKeyPair":{"pubKey":"Ba3W2vkHY6Lw4OZuMP4mUheQTfQXoJTptdnxOVBTGwpO","privKey":"ELo1py+zMfTlWz4G2HyFSyyDpBurSNKW4o0rYJziqXU="},"lastRemoteEphemeralKey":"BVrbwYRpGHsgNktVE+a5+7KDcr+WgGIfRGPd+pTqPoFZ","previousCounter":0,"rootKey":"iN1gsZ/QZQmrxCcdwILFB/eVDs7veqgSm02uYGFGPSE="},"indexInfo":{"baseKey":"BV8gotl4Co3JihdB5xuJZX8oGaiweAiNvdYTRkqqUsk+","baseKeyType":1,"closed":-1,"used":1761593480907,"created":1761593480907,"remoteIdentityKey":"BYiY6HQXedvqmvYSWQpQXj9de8WZCSuwuhOHhXK4BPxo"},"_chains":{"Ba3W2vkHY6Lw4OZuMP4mUheQTfQXoJTptdnxOVBTGwpO":{"chainKey":{"counter":20,"key":"MX/J4DktZp1ejJZFYc775dG181L1dWasFBS3mAjWQSA="},"chainType":1,"messageKeys":{}}},"pendingPreKey":{"signedKeyId":1,"baseKey":"BV8gotl4Co3JihdB5xuJZX8oGaiweAiNvdYTRkqqUsk+","preKeyId":131}}},"version":"v1"}