{"_sessions":{"BVclsKUJHG3yYEiETQLJy2ukh7Datku7X9HqIclfwoMj":{"registrationId":11686,"currentRatchet":{"ephemeralKeyPair":{"pubKey":"Bc889AfgJIkuKF4QS/9HWF8xgdVICX/DiV0nBZFwVDsx","privKey":"6A1Xg7sKpKdKhzrxBXZiA7KnJQngR4TwnoKwsNQF+2s="},"lastRemoteEphemeralKey":"BSqoxhU5nOlDqzotMJtJd8ob0KNjEA/kdUByLvnqsw4P","previousCounter":0,"rootKey":"pAcAFWK6ZUDkgtFBCXNyJph+QolY+R8I8WCl2pHz45M="},"indexInfo":{"baseKey":"BVclsKUJHG3yYEiETQLJy2ukh7Datku7X9HqIclfwoMj","baseKeyType":1,"closed":1761606590997,"used":1761606590671,"created":1761606590671,"remoteIdentityKey":"Bf2uyxor7fzERuRLOvMk+h+yYmqOPgAotxpt5SJN/mkw"},"_chains":{"Bc889AfgJIkuKF4QS/9HWF8xgdVICX/DiV0nBZFwVDsx":{"chainKey":{"counter":0,"key":"IYS2jx5suJkhQcSbKLPs28UhDaS1dhYBH3buruMRZQQ="},"chainType":1,"messageKeys":{}}},"pendingPreKey":{"signedKeyId":1,"baseKey":"BVclsKUJHG3yYEiETQLJy2ukh7Datku7X9HqIclfwoMj","preKeyId":60}},"BUAOoyyt6RHmHXUKOBINu9aCY02FyrltD6QGR5hzXe4c":{"registrationId":11686,"currentRatchet":{"ephemeralKeyPair":{"pubKey":"BbYmnqQfNrdMjHNVqMkNAQ9deICrPgl3lEHAGqaK/r99","privKey":"kGHLbWGXxRfPw/tVrE1HN2pS6gTUFrIqi1rsu3Th/3I="},"lastRemoteEphemeralKey":"BSqoxhU5nOlDqzotMJtJd8ob0KNjEA/kdUByLvnqsw4P","previousCounter":0,"rootKey":"4UkLpqJBOiRmzo1C9jKyBupSvcr6BqR9InOzcvMPVVk="},"indexInfo":{"baseKey":"BUAOoyyt6RHmHXUKOBINu9aCY02FyrltD6QGR5hzXe4c","baseKeyType":1,"closed":1761606591193,"used":1761606590996,"created":1761606590996,"remoteIdentityKey":"Bf2uyxor7fzERuRLOvMk+h+yYmqOPgAotxpt5SJN/mkw"},"_chains":{"BbYmnqQfNrdMjHNVqMkNAQ9deICrPgl3lEHAGqaK/r99":{"chainKey":{"counter":0,"key":"3SZ59UjLHJybBCShuIWvBk73Uoe402K0cCJmjwM05xA="},"chainType":1,"messageKeys":{}}},"pendingPreKey":{"signedKeyId":1,"baseKey":"BUAOoyyt6RHmHXUKOBINu9aCY02FyrltD6QGR5hzXe4c","preKeyId":12}},"Bc2QfTrqz0IuZNpdi1lyjcgxCj2M7w+PHeQxWt4Q86Jw":{"registrationId":11686,"currentRatchet":{"ephemeralKeyPair":{"pubKey":"BeX1jtdefzESYw2a/Xg9KmVG1JDe1WTDg/VUZbNvuOce","privKey":"WH5sU33/nhSlb/fDtr92lD8gW6WZx7fR1atBi7Y0Al0="},"lastRemoteEphemeralKey":"BSqoxhU5nOlDqzotMJtJd8ob0KNjEA/kdUByLvnqsw4P","previousCounter":0,"rootKey":"5XU8uc1mEKLxMN/NftULBhuHC6ZECELgfcREEWYjS28="},"indexInfo":{"baseKey":"Bc2QfTrqz0IuZNpdi1lyjcgxCj2M7w+PHeQxWt4Q86Jw","baseKeyType":1,"closed":-1,"used":1761606591192,"created":1761606591192,"remoteIdentityKey":"Bf2uyxor7fzERuRLOvMk+h+yYmqOPgAotxpt5SJN/mkw"},"_chains":{"BeX1jtdefzESYw2a/Xg9KmVG1JDe1WTDg/VUZbNvuOce":{"chainKey":{"counter":13,"key":"quZJG19KnvHzN/UrBEXd+eqTuKYWCescQuJUhYL/vdQ="},"chainType":1,"messageKeys":{}}},"pendingPreKey":{"signedKeyId":1,"baseKey":"Bc2QfTrqz0IuZNpdi1lyjcgxCj2M7w+PHeQxWt4Q86Jw","preKeyId":63}}},"version":"v1"}