{"_sessions":{"BTSJicp+GjengiwJm1Qv+lVEwI5Q1feqVOzaIPke8td8":{"registrationId":31508928,"currentRatchet":{"ephemeralKeyPair":{"pubKey":"BVkYK8FM8VTDVNCZ4kjS5xd36KfyDs33sAWKWcktOnwa","privKey":"+EK90LkJEwmwrdqQS0iQehdjGLWToucyLSSVs3t9k3E="},"lastRemoteEphemeralKey":"BXtuxiUBbVYl99SP4qtZIUrgDuvwCXWxKPhEwuk1pagj","previousCounter":2,"rootKey":"wC/W5JORbDKHKnNn+mKfZMthPznop5/yiSrIxo3yN0U="},"indexInfo":{"baseKey":"BTSJicp+GjengiwJm1Qv+lVEwI5Q1feqVOzaIPke8td8","baseKeyType":2,"closed":-1,"used":1760568214619,"created":1760565847666,"remoteIdentityKey":"BWpBV1vIAry899AxZr2p22xW3CGxc55gfLDCKfFxDjM+"},"_chains":{"BXXUtHiOzbnJDmWZHq/G21xXryYqCmAdvYcqT3uqjbYU":{"chainKey":{"counter":0},"chainType":2,"messageKeys":{}},"BYX+KFOCaFh5OL5L+fnbWy0/5Bz57TtE+RhhIv463Mpr":{"chainKey":{"counter":0},"chainType":2,"messageKeys":{}},"BdSxGftWyWuyaZ2wVLV0ZFLottg5johOTC3Ysl+1aolP":{"chainKey":{"counter":0},"chainType":2,"messageKeys":{}},"BVogyHxgJN5dm4USw+vCE95DarPF3jJOaSbMNuj47KFT":{"chainKey":{"counter":0},"chainType":2,"messageKeys":{}},"BZsRUjEm2iM0BcKXvJgD7lT0O5vYe4YjyW2TRSVC779G":{"chainKey":{"counter":0},"chainType":2,"messageKeys":{}},"BQ4y0mDbVyjAXJ87w6SmFXpnvqiPUHOB2VUjTMC+1n8x":{"chainKey":{"counter":0},"chainType":2,"messageKeys":{}},"BdSn+KUomOxGNQvltXO0xF3uWXlzxCV0oJUKwkvLVRMf":{"chainKey":{"counter":0},"chainType":2,"messageKeys":{}},"BUUPljmqBpb+dmXPP0izjPyEVfA0ettt/NEqZ4J/xA0Z":{"chainKey":{"counter":0},"chainType":2,"messageKeys":{}},"BWBejwzqFwrPGwlLN6gn7FztpB5SIQVh2LmHvhDxnKNa":{"chainKey":{"counter":0},"chainType":2,"messageKeys":{}},"BSf9zZMMjeXcr97N0n0YIbTWNRG7OfiRexLG0fjUvWIa":{"chainKey":{"counter":0},"chainType":2,"messageKeys":{}},"BQH+PV6zh8SazmxKmNWVFIk2btaHzmVEIMDliYOmhOAu":{"chainKey":{"counter":0},"chainType":2,"messageKeys":{}},"BXtuxiUBbVYl99SP4qtZIUrgDuvwCXWxKPhEwuk1pagj":{"chainKey":{"counter":0,"key":"5JZqx92pAwwyXuz95q48BUi7lYhSK29LHe5riS33q1o="},"chainType":2,"messageKeys":{}},"BVkYK8FM8VTDVNCZ4kjS5xd36KfyDs33sAWKWcktOnwa":{"chainKey":{"counter":2,"key":"mfUmfVkFONeQIK50WpSYN9cjiW6470BEOVxYo6Xo3pM="},"chainType":1,"messageKeys":{}}}}},"version":"v1"}