{"_sessions":{"BT86XXfT2Pq+l2rM+LXKS6HjiXATeIcAk+4zbzzVTuNo":{"registrationId":1629893508,"currentRatchet":{"ephemeralKeyPair":{"pubKey":"Ba8s1bH8QLgxCmAR9VLyXgoPSpARXBNIVLvmrF6We8BN","privKey":"YDJO2uYnZ0b58HIG/oHz2D2pEi4tCWJbX5ydKlidYkk="},"lastRemoteEphemeralKey":"BRHf4rnz0kR89iBphyYRHcR+tK5W/eZbUOKjy21Vi9A3","previousCounter":0,"rootKey":"ziPAsikMUZounLwh3vHG5ncsXS7YZ3NAMdrqU31sjnQ="},"indexInfo":{"baseKey":"BT86XXfT2Pq+l2rM+LXKS6HjiXATeIcAk+4zbzzVTuNo","baseKeyType":2,"closed":1761597780644,"used":1761597779603,"created":1761597779603,"remoteIdentityKey":"BdpjLoWLJHUI6Vo+u8JI4ydoTK7bz6RofVkHMpKYpsZl"},"_chains":{"BRHf4rnz0kR89iBphyYRHcR+tK5W/eZbUOKjy21Vi9A3":{"chainKey":{"counter":0,"key":"1qvcOupX+2X3773aDBQDhlSosa8WMaIAktJcEHENyvs="},"chainType":2,"messageKeys":{}},"Ba8s1bH8QLgxCmAR9VLyXgoPSpARXBNIVLvmrF6We8BN":{"chainKey":{"counter":-1,"key":"9bHSpuHW8/jikE6r2BQ361EhkT3WxZDv7BaCSdaiqfg="},"chainType":1,"messageKeys":{}}}},"Bb9OmBPiKGhgHDYGUpPbWvu9WfoTnzb+OwN6Qrel/CkE":{"registrationId":1629893508,"currentRatchet":{"ephemeralKeyPair":{"pubKey":"BTxjABIDCt/isyE4LYphZRQ02u+wxN1V2Kr9v0CZ5aMX","privKey":"IDXoSRbCoWz1HAZFExKtHZf1zLRGupxRG2rzRKRR43I="},"lastRemoteEphemeralKey":"BTV0iAKrt/0EhhN4J4gwybd3NvlxqYvkPJ2x5rxbFrFl","previousCounter":1,"rootKey":"i304SxMtcdVdeN4vT/Bhlm0LikAQU/nsKzXKN0aFut8="},"indexInfo":{"baseKey":"Bb9OmBPiKGhgHDYGUpPbWvu9WfoTnzb+OwN6Qrel/CkE","baseKeyType":2,"closed":-1,"used":1761597973055,"created":1761597780645,"remoteIdentityKey":"BdpjLoWLJHUI6Vo+u8JI4ydoTK7bz6RofVkHMpKYpsZl"},"_chains":{"BZcj9S/VtvMYfnICmTt3DstwvGdS/5d8D+x/89rRyexg":{"chainKey":{"counter":0},"chainType":2,"messageKeys":{}},"BadFjEPfVVVa7FPYMJn2p6BwMjMH3U7UiL/aJSVGT5Rn":{"chainKey":{"counter":0},"chainType":2,"messageKeys":{}},"Bb1tyanhnxL9bneuS4cjRjKpRIkiNgaM9Tmk5IVgyHIG":{"chainKey":{"counter":0},"chainType":2,"messageKeys":{}},"BSrJljiJcJm9DbE9NlzBZmqCdhf23p7hvibjO1rymUcO":{"chainKey":{"counter":0},"chainType":2,"messageKeys":{}},"BQ6W8SwdxBhNYRaz8RozRtep/K7YXxxOdGrpyUA9gc8P":{"chainKey":{"counter":0},"chainType":2,"messageKeys":{}},"BTV0iAKrt/0EhhN4J4gwybd3NvlxqYvkPJ2x5rxbFrFl":{"chainKey":{"counter":0,"key":"Npn8NFxj/0MhbBC5N+K5k7rYSl7twIh19K7SJdweRnU="},"chainType":2,"messageKeys":{}},"BTxjABIDCt/isyE4LYphZRQ02u+wxN1V2Kr9v0CZ5aMX":{"chainKey":{"counter":6,"key":"9fX3fy5jbw6pOgL3wC6f0Anc48FvxiEldh2DNTgCTo8="},"chainType":1,"messageKeys":{}}}}},"version":"v1"}