{"_sessions":{"BTudlSVcIiShkn6WXTiojeoYL4Kp6aPeLaoSLt3vq4F8":{"registrationId":1130146137,"currentRatchet":{"ephemeralKeyPair":{"pubKey":"BYq9oKZpYXDF+rz2NA6n9e1noKdHt8bMpBz5VMCUg+8n","privKey":"qNSlnX7cZV4qLrCeTVm9RJS4+/A/h6/pF+jbkH0b2WY="},"lastRemoteEphemeralKey":"BafbDElzm9P6whu3B0BjlR7827bHFlmWGGjsF7pyiCEo","previousCounter":1,"rootKey":"Cf8sGFAE9mW1y0YHSrIyirIAvBF3XGLKFwxC8Te95Wk="},"indexInfo":{"baseKey":"BTudlSVcIiShkn6WXTiojeoYL4Kp6aPeLaoSLt3vq4F8","baseKeyType":2,"closed":-1,"used":1761055939782,"created":1761053238442,"remoteIdentityKey":"BaV9O64z6HjR+eTlXsJt7rbhManw6dL1rXouIc2GpqB0"},"_chains":{"BYwrJARd29OZANcKgMdU4x/u4moWMe1Knpk6o3wFxZka":{"chainKey":{"counter":1},"chainType":2,"messageKeys":{}},"BYtitM0lLG1ayN5cPVFlRwoqmFmn/Hq6sqzXVwtYBq8H":{"chainKey":{"counter":0},"chainType":2,"messageKeys":{}},"BcaX3vh0l/LJQCUL5PbLB12sEeIdmjKXgzCgR8xZpxd4":{"chainKey":{"counter":0},"chainType":2,"messageKeys":{}},"BXEBaU/lYeuhQIFdjR0qC2eshfaJDBHP19hXNIYwrXpT":{"chainKey":{"counter":0},"chainType":2,"messageKeys":{}},"BSg388ifh5LLIW/Vz5e9ZQyJxw9mkRQIxN4waSFCGFIn":{"chainKey":{"counter":0},"chainType":2,"messageKeys":{}},"BafbDElzm9P6whu3B0BjlR7827bHFlmWGGjsF7pyiCEo":{"chainKey":{"counter":0,"key":"wVRkVILmMetsl2wfdUJw5CeXrTZmmBN7BYUHXAfRsbI="},"chainType":2,"messageKeys":{}},"BYq9oKZpYXDF+rz2NA6n9e1noKdHt8bMpBz5VMCUg+8n":{"chainKey":{"counter":6,"key":"vCtPVveRP2jK/JqiFpUETZZQ34m9rBBBJ8y3A0bCEcA="},"chainType":1,"messageKeys":{}}}}},"version":"v1"}