{"_sessions":{"BTuDEWwn0GcLCcfgXt4UCOrflHIaQ0pslJysjhXlvaE7":{"registrationId":721501797,"currentRatchet":{"ephemeralKeyPair":{"pubKey":"BVdFO7L+dUiA2+TOr1f3xbedicxatD+BLM8LGhqHwNkR","privKey":"kMPzuvmCrE5tH272Em4dchvOWX4nFwQlaRBnoogQLmA="},"lastRemoteEphemeralKey":"BQTeJLTODkm6dl34LxmUMyQEjoZM/OXtuRBOCeEwJVJC","previousCounter":0,"rootKey":"6rDJeFXf/w9ePFpBzjG3wvjj+z8jSX2PhBLM1APThSg="},"indexInfo":{"baseKey":"BTuDEWwn0GcLCcfgXt4UCOrflHIaQ0pslJysjhXlvaE7","baseKeyType":2,"closed":-1,"used":1761191462741,"created":1761191462741,"remoteIdentityKey":"BYt/dxBt487J1IEzDju7NFQZfWWzKwfc8RA5zXuEzEQp"},"_chains":{"BQTeJLTODkm6dl34LxmUMyQEjoZM/OXtuRBOCeEwJVJC":{"chainKey":{"counter":5,"key":"5lhRPBb6LpB9AYKNIPSG2h+R33hyCTrezU6ns7inGxI="},"chainType":2,"messageKeys":{}},"BVdFO7L+dUiA2+TOr1f3xbedicxatD+BLM8LGhqHwNkR":{"chainKey":{"counter":13,"key":"tu5ZK5hEKhr9pW0GA4YvRdmigufV1JYyDj4K81QbSwo="},"chainType":1,"messageKeys":{}}}}},"version":"v1"}