{"_sessions":{"BYEpx0db22XRoCjFsqatQinsnFIlOH7SxAZaVjTNuDwA":{"registrationId":5748,"currentRatchet":{"ephemeralKeyPair":{"pubKey":"Bc550RfEG5mc0oDR7gqWNZVteCeT5FeFi690ZXtQ+YF0","privKey":"wAXn+oa+j3zDfcjUplprn5kl0Wz3d4joVZwZ0IfSHkA="},"lastRemoteEphemeralKey":"BQyPopXrD4ZRU9KYvYVxGiYnciEwRv20A/D/tuOSJGEr","previousCounter":0,"rootKey":"ygoa0K9LapB/V8mVBe/eJr320KkAlPWrVyJlQw+Dz84="},"indexInfo":{"baseKey":"BYEpx0db22XRoCjFsqatQinsnFIlOH7SxAZaVjTNuDwA","baseKeyType":1,"closed":-1,"used":1761063671103,"created":1761063671103,"remoteIdentityKey":"BSe0Um4w7DAfVhjhffq9eseRah4ZTxfy/eBuA4ffABU0"},"_chains":{"Bc550RfEG5mc0oDR7gqWNZVteCeT5FeFi690ZXtQ+YF0":{"chainKey":{"counter":33,"key":"ls0Wofhn4mmh9An4xtr/keWKbn4D43hRzy6nFSteZRg="},"chainType":1,"messageKeys":{}}},"pendingPreKey":{"signedKeyId":2,"baseKey":"BYEpx0db22XRoCjFsqatQinsnFIlOH7SxAZaVjTNuDwA","preKeyId":228}}},"version":"v1"}