{"_sessions":{"BUDyZK37lf3gt7gRy5Y06HRGtWhdFTKneMlTX5f8RlAd":{"registrationId":658,"currentRatchet":{"ephemeralKeyPair":{"pubKey":"BXTDxJMvm4jYTmYdHhx7vSWhmICjJZKqR0KzoJrPaUlZ","privKey":"yE12jH6lymRt6OGZNGHDyaolplyk7k9ENazxLVvGunA="},"lastRemoteEphemeralKey":"BT8p5BpSCwybBAovg2TqR374gdInvH+Et9yAmQlks6YX","previousCounter":0,"rootKey":"LdiFEaTVAvABLOXQkKpUD9rn/Rhuk3daWr+JPyOOJHw="},"indexInfo":{"baseKey":"BUDyZK37lf3gt7gRy5Y06HRGtWhdFTKneMlTX5f8RlAd","baseKeyType":1,"closed":-1,"used":1761684743313,"created":1761684743313,"remoteIdentityKey":"BeufDg0Q+KgAis+xKaB2duf6Wfbcd9SM92eSQSHliwNF"},"_chains":{"BXTDxJMvm4jYTmYdHhx7vSWhmICjJZKqR0KzoJrPaUlZ":{"chainKey":{"counter":13,"key":"clVprORzXA7ZOCcYW2DwZ3kEwc3URPdQg+PAatHaXNw="},"chainType":1,"messageKeys":{}}},"pendingPreKey":{"signedKeyId":1,"baseKey":"BUDyZK37lf3gt7gRy5Y06HRGtWhdFTKneMlTX5f8RlAd","preKeyId":63}}},"version":"v1"}