{"_sessions":{"BbouwNFLyavdnf6SHbFISDYySJ1V9jZHcnp6q/qmSg9F":{"registrationId":267348771,"currentRatchet":{"ephemeralKeyPair":{"pubKey":"BcKH/iUY8OQdbO9OZRZRk5gBO30VyjYnvc/t4GNZAq1F","privKey":"UKGD9/WFbYNbnqjIB7hMfP8ka3QsRkzgWPY9q2mYJEw="},"lastRemoteEphemeralKey":"BU3cY9TA4UJUS/PqhBLI4wDlWsa60caR0wM+dQSzs2Fi","previousCounter":1,"rootKey":"tNtWNq5DZXVnZMHNd8ChqPflSuYLad/VAf83gOQJp1Q="},"indexInfo":{"baseKey":"BbouwNFLyavdnf6SHbFISDYySJ1V9jZHcnp6q/qmSg9F","baseKeyType":2,"closed":-1,"used":1761605702784,"created":1761605528763,"remoteIdentityKey":"BajV9nIfQlahOg3oqjhs0Os91TsTfYzB+SlWr4hR2n9u"},"_chains":{"BXrT3IcO28uiuVUe8WQG8z1q1IipDKFSR8vtbkXUJxYL":{"chainKey":{"counter":0},"chainType":2,"messageKeys":{}},"Bedqxt+4PlewjimxAdu1f5mon/MchwjUZPiFJ0o6908r":{"chainKey":{"counter":0},"chainType":2,"messageKeys":{}},"BXodeEkwzW9WkE5rCANzSq/WC0CzZJ8MAeLCNKS+sngz":{"chainKey":{"counter":0},"chainType":2,"messageKeys":{}},"BQR4aU4pF7pPSC6zQLnYQUjYR8zDkKWhr0VUNEls0l0Q":{"chainKey":{"counter":0},"chainType":2,"messageKeys":{}},"BU3cY9TA4UJUS/PqhBLI4wDlWsa60caR0wM+dQSzs2Fi":{"chainKey":{"counter":0,"key":"CUbK7pKwQDPgDg51Vry33Bp8BwfEPcEbFm81tR1dyZA="},"chainType":2,"messageKeys":{}},"BcKH/iUY8OQdbO9OZRZRk5gBO30VyjYnvc/t4GNZAq1F":{"chainKey":{"counter":6,"key":"CYaOIsC3RuDFh02qJ8fJl/0nq+3l04vLE4P6u3kClcQ="},"chainType":1,"messageKeys":{}}}}},"version":"v1"}