{"_sessions":{"BRTmK/x2Xu/jypEhlhb7mFnwUXaR07FAcdq0U3IPmkw1":{"registrationId":12084,"currentRatchet":{"ephemeralKeyPair":{"pubKey":"BXGgdSb2+izGd08QtCJIw5ZsTnnOJ8M5tkWLyKUWySlY","privKey":"CGdEn2d/677QM44J+VvE5IBu3DWqxpd8gDpahUNHqWY="},"lastRemoteEphemeralKey":"BZNgg/B3/MpoXE/t7snR61EQOPtuLHL8tTTd2uKcJqoX","previousCounter":0,"rootKey":"XDZ3yMyN4HHF7YJe8qwJXZJQ5b3O4DAc1o1DgAxkKsc="},"indexInfo":{"baseKey":"BRTmK/x2Xu/jypEhlhb7mFnwUXaR07FAcdq0U3IPmkw1","baseKeyType":1,"closed":-1,"used":1760633411771,"created":1760633411771,"remoteIdentityKey":"Bf1xOYY8Cv0uYdATnmAoAzsSpfyrfkB2ICTuG8q2f4Fz"},"_chains":{"BXGgdSb2+izGd08QtCJIw5ZsTnnOJ8M5tkWLyKUWySlY":{"chainKey":{"counter":8,"key":"pPlT1GLKDQp/7wnmq04nc7eQ1myGaVb7v2fvMVDxo+U="},"chainType":1,"messageKeys":{}}},"pendingPreKey":{"signedKeyId":1,"baseKey":"BRTmK/x2Xu/jypEhlhb7mFnwUXaR07FAcdq0U3IPmkw1","preKeyId":649}}},"version":"v1"}