{"_sessions":{"BQCNC7RavUUqeavbAksHUUn45GhnhUN5yosq7UQeXfEg":{"registrationId":858031342,"currentRatchet":{"ephemeralKeyPair":{"pubKey":"BSIBtD1HMcHpqkWOfNRV75fMWsLi3FH26IiYjkTiPw0x","privKey":"YLNeTChjFr9jQjzGxexE39ljIA365d/ZgY3dDffSt3Y="},"lastRemoteEphemeralKey":"BTIOekISZnMEiZchK475VQbLpX/H8SxyCRp3vbs0Y5ID","previousCounter":0,"rootKey":"pMOmnQQXWu0i2+xcBzpR5LVZseqa5en/LzlSlbsN5FE="},"indexInfo":{"baseKey":"BQCNC7RavUUqeavbAksHUUn45GhnhUN5yosq7UQeXfEg","baseKeyType":1,"closed":-1,"used":1760719365833,"created":1760719365833,"remoteIdentityKey":"Bb+ZoSp67cttc+w2Rkal2GX5t8k4O/ZyilOsmCY/ywUD"},"_chains":{"BSIBtD1HMcHpqkWOfNRV75fMWsLi3FH26IiYjkTiPw0x":{"chainKey":{"counter":15,"key":"EheiJArqdksit4wKPs3OfEgnXdaKVBb+pmFiNnkqK7I="},"chainType":1,"messageKeys":{}}},"pendingPreKey":{"signedKeyId":3,"baseKey":"BQCNC7RavUUqeavbAksHUUn45GhnhUN5yosq7UQeXfEg","preKeyId":354}}},"version":"v1"}