{"_sessions":{"BVGmm1ZgSND9ytvahc6XoIuMZt6mwyeH9YgBnchMVs1m":{"registrationId":1625663270,"currentRatchet":{"ephemeralKeyPair":{"pubKey":"BZjHzFMYA1RzXA5Ig95owLcbfoPC+Ql5vZlTR7aLXkpM","privKey":"eGeTIEIWdVRAmPuFwRdcEAEIwqos86sRQz46W1fth0c="},"lastRemoteEphemeralKey":"BXg6ToEbvQkpOHi9siulitOtX2Afdm93irl7ySPROWp+","previousCounter":1,"rootKey":"76WPk5dtC9BoXUwza/spYuTZBvKkRlmJWJSPGVwnYUA="},"indexInfo":{"baseKey":"BVGmm1ZgSND9ytvahc6XoIuMZt6mwyeH9YgBnchMVs1m","baseKeyType":2,"closed":-1,"used":1761594849352,"created":1761593479746,"remoteIdentityKey":"BXxaYA4T5j2lf0BdCFNuJ8DAdY2tC9aWfkf2MkpZKhdI"},"_chains":{"BQPcrTveppA7UXKIRouBxrMcqjBxDM+3yKzHFEJt4e00":{"chainKey":{"counter":0},"chainType":2,"messageKeys":{}},"BS1QtTaE+D3xjXnOjBgotaWrLaJOICo/sikdD6siSf01":{"chainKey":{"counter":3},"chainType":2,"messageKeys":{}},"BYJDAV1eQsOtAzktBupmtxu7JrOgQFZ2iLIxkqvy5aIX":{"chainKey":{"counter":0},"chainType":2,"messageKeys":{}},"BTEbx50qxi0cGHmR+dSKhpAiHxEA3HOukHW7PiAkGDov":{"chainKey":{"counter":0},"chainType":2,"messageKeys":{}},"BczG2FVnR8wFGWH+6SBmB4hjKK2uBK2JENe7ZBECLnhD":{"chainKey":{"counter":0},"chainType":2,"messageKeys":{}},"BdZdb68uPBPDyu9pctAVUEgDLoJb7C38EXB885ztTn5w":{"chainKey":{"counter":0},"chainType":2,"messageKeys":{}},"BVWyRWdyjejT91jJ5pLDcJQNA1cHm6jr9SkVEurEMAU/":{"chainKey":{"counter":0},"chainType":2,"messageKeys":{}},"BXg6ToEbvQkpOHi9siulitOtX2Afdm93irl7ySPROWp+":{"chainKey":{"counter":0,"key":"9nesH99siM22vEudc+2hqF8LRwytFCTGMh2+KxucFdU="},"chainType":2,"messageKeys":{}},"BZjHzFMYA1RzXA5Ig95owLcbfoPC+Ql5vZlTR7aLXkpM":{"chainKey":{"counter":6,"key":"+TmQvcUCJb5vBhlcMAw8EQ36KGiwtc2px37CEzcDnEE="},"chainType":1,"messageKeys":{}}}}},"version":"v1"}