{"_sessions":{"BYl0Q44QRk05UneFTIV/N/wA30e83c4AcCroCDEDY99r":{"registrationId":757661130,"currentRatchet":{"ephemeralKeyPair":{"pubKey":"BSX4TAsfQB42mX0KrXni6gVB48yGxh2uydqL1bbef0VX","privKey":"6A7bm6oI3KJ3RR08NT/GrOKtkhe2h/wBNj0VWVzNw1w="},"lastRemoteEphemeralKey":"BUOe9EHRVjyehd5c/WdxLwgzqMy66MlMdD8MjkF54qZb","previousCounter":0,"rootKey":"iZ9kKx+YLe6nr75OOW2GpzyYVmm/HsFp6Xi+xoc49Ec="},"indexInfo":{"baseKey":"BYl0Q44QRk05UneFTIV/N/wA30e83c4AcCroCDEDY99r","baseKeyType":1,"closed":-1,"used":1760751797530,"created":1760751797530,"remoteIdentityKey":"Bf+JGHzTzKHUInOq+kk7DsmdMMYB8MK/p5YvXj0qrkUW"},"_chains":{"BSX4TAsfQB42mX0KrXni6gVB48yGxh2uydqL1bbef0VX":{"chainKey":{"counter":16,"key":"wyy+jbwf7vQ5J3QePyIJPWdIK8W8xigXB3EjA3kNK4U="},"chainType":1,"messageKeys":{}}},"pendingPreKey":{"signedKeyId":2,"baseKey":"BYl0Q44QRk05UneFTIV/N/wA30e83c4AcCroCDEDY99r","preKeyId":7676078}}},"version":"v1"}