{"_sessions":{"Bb0K+0p5+TDUMKSh+jduKG4yv6vQWiXeIOR+xbyXpowg":{"registrationId":293464173,"currentRatchet":{"ephemeralKeyPair":{"pubKey":"BfP5275I8F1DAlOQWGV4+GmLf1WYV2MnqJ/qqeTQMnpn","privKey":"6NJA6DLZNU4egIlPBINw+riQNijpr6J6jZu7XIjOx2Q="},"lastRemoteEphemeralKey":"Bc3F+5PgnYNGydLW0Q6LEigqe7cjFehot7YKdaG4Gv5X","previousCounter":1,"rootKey":"Qwe3Ow1Ufs0fXpNGvMHBxL4YqUHJlUXaIBfp+0mq6Ko="},"indexInfo":{"baseKey":"Bb0K+0p5+TDUMKSh+jduKG4yv6vQWiXeIOR+xbyXpowg","baseKeyType":2,"closed":-1,"used":1760719495005,"created":1760553521455,"remoteIdentityKey":"BWfwk4er8c3OFYx5Mm3ScqBLIot1sk2vh7f4PzYDMJ5k"},"_chains":{"BectMCsOb/BXDSH5uuSvuKKZWJQW9pRHu5oXxU5xKyAj":{"chainKey":{"counter":5},"chainType":2,"messageKeys":{}},"BQJFlXQbSo/T/nHVE4Qhfr5UEvZFSwyv/gQ/7nwQnAF1":{"chainKey":{"counter":0},"chainType":2,"messageKeys":{}},"BekVjiLWYzfKcdbNhGH1e9fwTzuig5TV4qIHYyz7v2g2":{"chainKey":{"counter":0},"chainType":2,"messageKeys":{}},"BUxHf3yVlI3Eg9//Q6ocHFiwsVE5NpqwaQ1HX2ofEbdy":{"chainKey":{"counter":0},"chainType":2,"messageKeys":{}},"BYV7BLPpRjVM9eIEKPuWlNlxXXXzDhi3mjnFhHHhCJsY":{"chainKey":{"counter":0},"chainType":2,"messageKeys":{}},"Bc3F+5PgnYNGydLW0Q6LEigqe7cjFehot7YKdaG4Gv5X":{"chainKey":{"counter":0,"key":"zEh9Emrfr09dH0TE9z/FNzletYJHrisLv30Le0ypBgo="},"chainType":2,"messageKeys":{}},"BfP5275I8F1DAlOQWGV4+GmLf1WYV2MnqJ/qqeTQMnpn":{"chainKey":{"counter":6,"key":"GHzdMrl0pWcMUEI7Dv86AIP6ljRN9XoftapSiEFLRHk="},"chainType":1,"messageKeys":{}}}}},"version":"v1"}