{"_sessions":{"BTd4rA3xlnmDoMZheipYkSjo9kwydbynOczPlGrKphIW":{"registrationId":983484542,"currentRatchet":{"ephemeralKeyPair":{"pubKey":"BdilujVkALjq6TT0AywP1CN9jS9kU3rbErkERNaZ+6l0","privKey":"wMy+eZ6NLPQ0c3s7I4QU2np3tA199nQGNtr9LXNs2UU="},"lastRemoteEphemeralKey":"Bf/v71md5SegXJg/fRKo5RjiBYHUMAtsj0fRi5M9rDxW","previousCounter":0,"rootKey":"Z2Jjx9OtEfvUp5PTs/jrPYQu5A2Y/C8A3UVOyzY4m3o="},"indexInfo":{"baseKey":"BTd4rA3xlnmDoMZheipYkSjo9kwydbynOczPlGrKphIW","baseKeyType":1,"closed":-1,"used":1760566238778,"created":1760566238778,"remoteIdentityKey":"Bd5hFs+2f9KKgGvJ9KXywZ4rlcADn2LvrzscqJPTLbs/"},"_chains":{"BdilujVkALjq6TT0AywP1CN9jS9kU3rbErkERNaZ+6l0":{"chainKey":{"counter":31,"key":"Ue8AWgmXYM39M8zUdIGdN7O+5fmhJxxKoZUS4x1kiwE="},"chainType":1,"messageKeys":{}}},"pendingPreKey":{"signedKeyId":3,"baseKey":"BTd4rA3xlnmDoMZheipYkSjo9kwydbynOczPlGrKphIW","preKeyId":1092}}},"version":"v1"}