{"_sessions":{"BcH/95OznVyJOdp3nW/VWgjjkWuaQOY7FIHk58DIQO4n":{"registrationId":1097,"currentRatchet":{"ephemeralKeyPair":{"pubKey":"BfvdRQA1Z+SZETAJv5qUn89NrF9AHagU4Plk2zPi5FwE","privKey":"aDqzPjTsdIWE65QLb5vniV856i37suOBR4jp0cI7zEI="},"lastRemoteEphemeralKey":"BcEmC04qVFD05fDF9sWtKGQ8VInuS3bxUK5k8JMkduM0","previousCounter":0,"rootKey":"Y9cydNa6g3zTs1ppUE9bluTDSMpDCFkh/1KGkjW0IjI="},"indexInfo":{"baseKey":"BcH/95OznVyJOdp3nW/VWgjjkWuaQOY7FIHk58DIQO4n","baseKeyType":1,"closed":-1,"used":1760736906578,"created":1760736906578,"remoteIdentityKey":"BcjKU+C+/WuH6ocg5ly2hz3PzloEz6X1l1wfVzPpQXY+"},"_chains":{"BfvdRQA1Z+SZETAJv5qUn89NrF9AHagU4Plk2zPi5FwE":{"chainKey":{"counter":17,"key":"4KjmtqsmHnIZyYANw4KYeUErrVzSgrd10/bn3BZgAjE="},"chainType":1,"messageKeys":{}}},"pendingPreKey":{"signedKeyId":1,"baseKey":"BcH/95OznVyJOdp3nW/VWgjjkWuaQOY7FIHk58DIQO4n"}}},"version":"v1"}