{"_sessions":{"BZiB3oRIMGAi2OL/GlThXXKWoAEh2PbRCJxpfqGIUOBy":{"registrationId":1659671510,"currentRatchet":{"ephemeralKeyPair":{"pubKey":"BfFpgp7xCy76pKYhEwapjIiCFae0AirB08Q/wNd7xXJ0","privKey":"EI5HA5BOs29cLtzDTYQi3qSwSJqLtW1pv1hnyEIUq28="},"lastRemoteEphemeralKey":"BY9/BluGANfs8FJhs5hK6AuETJYU4L/+sEgl4SLDJhs0","previousCounter":0,"rootKey":"hSlu11dO7J/pMl9CBvMXcHy5ZrjTtv3elECAkETH9uM="},"indexInfo":{"baseKey":"BZiB3oRIMGAi2OL/GlThXXKWoAEh2PbRCJxpfqGIUOBy","baseKeyType":2,"closed":-1,"used":1761338887363,"created":1761338887363,"remoteIdentityKey":"BdYfJJLTNl4R4KpHwjsubjksNoGeCVUm7AGSeSvNSyMu"},"_chains":{"BY9/BluGANfs8FJhs5hK6AuETJYU4L/+sEgl4SLDJhs0":{"chainKey":{"counter":3,"key":"T/QNl5+ASJCDUejR01i3bih9539YKXWjhb9FKtFkpHw="},"chainType":2,"messageKeys":{}},"BfFpgp7xCy76pKYhEwapjIiCFae0AirB08Q/wNd7xXJ0":{"chainKey":{"counter":11,"key":"TfXOhI8sy8uW298s7V4NFvsbTkbfdXLu7wTqiXjUDAA="},"chainType":1,"messageKeys":{}}}}},"version":"v1"}