{"_sessions":{"BQh/GdYd+LoStw3/8/iTTpDAMUee8xUk1BSziQmIfuEL":{"registrationId":11598,"currentRatchet":{"ephemeralKeyPair":{"pubKey":"BZyY4+kAiLKMsmqfRXn55kU82abDMfw38oiRNIjOoa4F","privKey":"kN8tpPYYec+8Bv8IIOqnSVJbsaJSFvR3Cv5nuooAZ2g="},"lastRemoteEphemeralKey":"BQgXq9zfwBKk+OxAb3fiAHODReuUf9OLZUGglxG0dZMP","previousCounter":129,"rootKey":"oRyTA1Mc3AKU/WCetJQ3o3VblCAt4wkGfV1JkPs8CeM="},"indexInfo":{"baseKey":"BQh/GdYd+LoStw3/8/iTTpDAMUee8xUk1BSziQmIfuEL","baseKeyType":1,"closed":-1,"used":1761676111120,"created":1760553727257,"remoteIdentityKey":"Bc0vvQ60g0zrs9pe/rb39JnKFiwCOQJ6Ff+aVmBVML9H"},"_chains":{"BdbEng1eEbov/yUNrPyoUpAd3Kp2fc0hvF6Ndtfuj2Eu":{"chainKey":{"counter":0},"chainType":2,"messageKeys":{}},"BdieQ7JGdPc1Hv35vVgGs6fMkMrOI0RZSBgI7s0p+do4":{"chainKey":{"counter":0},"chainType":2,"messageKeys":{}},"BRGFepOSQaCzy/waZRwWpZH7dRWy7PuEAViAQjDy+90Q":{"chainKey":{"counter":0},"chainType":2,"messageKeys":{}},"BUWBOkQpwv0MN6krv0IyzT7pGCajsipgbLFaVXbzueJk":{"chainKey":{"counter":0},"chainType":2,"messageKeys":{}},"Bec/IRSaTw96rf6y6YPQGN60K2waQtia6TV/sjzsCOAz":{"chainKey":{"counter":1},"chainType":2,"messageKeys":{}},"BarCTjfm5FYINlWg2GnqSsD3VMX73CwiICHMK5JBar5K":{"chainKey":{"counter":2},"chainType":2,"messageKeys":{}},"BX6DPFJEOE2+fEW5xymkdpR7ob5WTG4RIctM4WU0cBgx":{"chainKey":{"counter":2},"chainType":2,"messageKeys":{}},"BVReRuGVyvSkp8azPi70FBy9YWlyH5ZWekHTyXz0Eeck":{"chainKey":{"counter":0},"chainType":2,"messageKeys":{}},"BQgXq9zfwBKk+OxAb3fiAHODReuUf9OLZUGglxG0dZMP":{"chainKey":{"counter":0,"key":"SV+2SmuGbCpr1w02GLxB8oH8vJMGl3A2HPNZ2Cja/ys="},"chainType":2,"messageKeys":{}},"BZyY4+kAiLKMsmqfRXn55kU82abDMfw38oiRNIjOoa4F":{"chainKey":{"counter":32,"key":"nQkJ5dxDJEn6D4uouCCbKuU+6jAVcHOXUkxOT5Yz1nQ="},"chainType":1,"messageKeys":{}}}}},"version":"v1"}