{"_sessions":{"BWyfw1AkXEkig2Ww2tIqYIIc+RnTCoUXEPl1pJBQtNV7":{"registrationId":1769324395,"currentRatchet":{"ephemeralKeyPair":{"pubKey":"BUFGsXaFVaj2vV8yIl7n12m6nm5xx4SR14y4hamflr1P","privKey":"OFAv9L56MdWJ2Mfg9gmGIGRmFCSAucMAuPF5hgsJH3w="},"lastRemoteEphemeralKey":"BV9OBzeVWyRTvaOsj1KPjstgqedk68cNQvl/r4pnS9dy","previousCounter":0,"rootKey":"DWJFyPbW3vfKG0h39RvKk8PcjrU0jgp4volBLLLwyZY="},"indexInfo":{"baseKey":"BWyfw1AkXEkig2Ww2tIqYIIc+RnTCoUXEPl1pJBQtNV7","baseKeyType":2,"closed":-1,"used":1761333115578,"created":1761333115578,"remoteIdentityKey":"BSSBBBQe52vve2DN8a4avfzoWLmXsYTP/TbdVWPWg9c1"},"_chains":{"BV9OBzeVWyRTvaOsj1KPjstgqedk68cNQvl/r4pnS9dy":{"chainKey":{"counter":2,"key":"+KcD3KDbS5Yg/PvxfWRYuba/KbZIWVUQrnX07SIBvwQ="},"chainType":2,"messageKeys":{}},"BUFGsXaFVaj2vV8yIl7n12m6nm5xx4SR14y4hamflr1P":{"chainKey":{"counter":7,"key":"ddjoeddo2Kpc40FSi19qrNO4SMFWp7tj9n98RRfmovw="},"chainType":1,"messageKeys":{}}}}},"version":"v1"}