{"_sessions":{"BQv10Urr9NJAwSPeMWy9Jzqr1IpiM1HRz5nnOTsIV/t3":{"registrationId":1647258566,"currentRatchet":{"ephemeralKeyPair":{"pubKey":"BTRv3fvEH27Mtgz2quPYIgQf5SC78MlXz7+qBR4aSvgD","privKey":"+MzpukojaHR2dd6oqhzN0d2LkZhoUCE7BrV93SDtoUw="},"lastRemoteEphemeralKey":"Bdqy4QDRIlm1/YfzaAvwAAkPRk6aFedzL0jRgxaRMI0k","previousCounter":0,"rootKey":"nx2TBz1+pujenA6Vwt0+M8hCxkbnuNIn4I9w8Z7XJII="},"indexInfo":{"baseKey":"BQv10Urr9NJAwSPeMWy9Jzqr1IpiM1HRz5nnOTsIV/t3","baseKeyType":2,"closed":1761606295707,"used":1761606294556,"created":1761606294556,"remoteIdentityKey":"BbkYA6cJPMVhwjx5mFLb3vqmLy5iuFMsVwqXVNiutjxb"},"_chains":{"Bdqy4QDRIlm1/YfzaAvwAAkPRk6aFedzL0jRgxaRMI0k":{"chainKey":{"counter":0,"key":"1KIQ9DtwiB0P7DSa2PkYtwBAj1gcTCKzdA3s3pSuD54="},"chainType":2,"messageKeys":{}},"BTRv3fvEH27Mtgz2quPYIgQf5SC78MlXz7+qBR4aSvgD":{"chainKey":{"counter":-1,"key":"D6zOY2zkPJxR/vN/L3FPy+3vidomMN97Hyc98o09OU0="},"chainType":1,"messageKeys":{}}}},"Bf+mzMvc6zDXRwjCbZakp2rFIp4Qmvo3ogNyC8GLvXce":{"registrationId":1647258566,"currentRatchet":{"ephemeralKeyPair":{"pubKey":"BTjoXvgRLlHXH9FkJ0FwwAgvfbSok7Dd7z8dKR13TTpz","privKey":"sFHnYD8/f/ik8hAf1GLwganI+d92Orm8CvtE/G5Qt3o="},"lastRemoteEphemeralKey":"BYp3t8dcnsYuWXIbBgtnwdE5lc2Kkvpd1tFs8oUhc/hf","previousCounter":6,"rootKey":"Ki4C7jgQI4DEeYP75lUlzh5ShMN+W6tkygqGIyxd6E4="},"indexInfo":{"baseKey":"Bf+mzMvc6zDXRwjCbZakp2rFIp4Qmvo3ogNyC8GLvXce","baseKeyType":2,"closed":-1,"used":1761609163158,"created":1761606295709,"remoteIdentityKey":"BbkYA6cJPMVhwjx5mFLb3vqmLy5iuFMsVwqXVNiutjxb"},"_chains":{"BfYO7k70GhgVuQlxxlaQmo+zT/4apo8vKkSqJreKFSoA":{"chainKey":{"counter":0},"chainType":2,"messageKeys":{}},"BYx7Fs5PwByjMuobXF6NuHVpafWDfHK2mrhzq66HXZxA":{"chainKey":{"counter":0},"chainType":2,"messageKeys":{}},"BW8co0ZvUXDNOXmFiN9Nlbr1zFHfzSon6d7Dswv/Syp8":{"chainKey":{"counter":0},"chainType":2,"messageKeys":{}},"BeYSwuZtORIFh4wAGm+fgyK/p3DA2dfjhEvROaD6euMa":{"chainKey":{"counter":0},"chainType":2,"messageKeys":{}},"BUJoZsMxzsriT/z5VH05533xMzOVwk5pHvXbXNszP607":{"chainKey":{"counter":0},"chainType":2,"messageKeys":{}},"BeroZpurTrjZ9BtQ6Vrs6wSlok0rRZ9W4dtA3OfbGV1p":{"chainKey":{"counter":0},"chainType":2,"messageKeys":{}},"BYgwaKx0dnnN8IO4DyRLJcLDiM6cRUCdNtwQmphpZG4M":{"chainKey":{"counter":0},"chainType":2,"messageKeys":{}},"BYp3t8dcnsYuWXIbBgtnwdE5lc2Kkvpd1tFs8oUhc/hf":{"chainKey":{"counter":0,"key":"z4MQTuV8zn6PIqn1vED5QoZhG746TZRbZrUEv2YEvNY="},"chainType":2,"messageKeys":{}},"BTjoXvgRLlHXH9FkJ0FwwAgvfbSok7Dd7z8dKR13TTpz":{"chainKey":{"counter":0,"key":"0ZD6JmUsIddDA0jon2UqI4m2hCuwzoEkLxzh0ATvSKs="},"chainType":1,"messageKeys":{}}}}},"version":"v1"}