{"_sessions":{"BURCzvhkooJ+reg8foMMzCzYqjDoR4WomLk4z7Mccs0u":{"registrationId":2475,"currentRatchet":{"ephemeralKeyPair":{"pubKey":"Beo/RcTQf7ZniLBFJbmmJBvGLfYrdO7ohzZDEyz7kiJn","privKey":"ULRYtjeDSjAJ8jIl3Ozhmf3QGjOpMfOG/xFAdSU542g="},"lastRemoteEphemeralKey":"BWC6T7WMtt3gkriD6xazcHA3/Fp2bIOCDW1ONa06/gM6","previousCounter":0,"rootKey":"4FmntlzCVQpT/s/f77pv3mtpECtyEJ5WPB7TP32D25c="},"indexInfo":{"baseKey":"BURCzvhkooJ+reg8foMMzCzYqjDoR4WomLk4z7Mccs0u","baseKeyType":2,"closed":-1,"used":1760633077830,"created":1760633077830,"remoteIdentityKey":"BSe4rX0a8D5T1aHZsTfechgpVrLI62YHuuGWgpEj88VA"},"_chains":{"BWC6T7WMtt3gkriD6xazcHA3/Fp2bIOCDW1ONa06/gM6":{"chainKey":{"counter":1,"key":"mersepzjB1pnJMi9xtli+0zyFtNDbHdw14y2KR4CQNg="},"chainType":2,"messageKeys":{}},"Beo/RcTQf7ZniLBFJbmmJBvGLfYrdO7ohzZDEyz7kiJn":{"chainKey":{"counter":15,"key":"UB5iWkQsals5J03BaEVkSyOOFtWECsmOxzk+MDGYCzo="},"chainType":1,"messageKeys":{}}}}},"version":"v1"}