{"_sessions":{"BRqF5ADBI1i3YuH2CsDP1ZKnNoDzH0AdfF77bvjfzMJC":{"registrationId":1269468014,"currentRatchet":{"ephemeralKeyPair":{"pubKey":"BTgWg+mgvCuOgqBR4DI5+u4P3kKXerDpMw0a4DXPBTMe","privKey":"WNZ8y2lUD/QYKLPz7yPlcIk6HBp86S597rjqsCiBQ2I="},"lastRemoteEphemeralKey":"BUZOVJLuFDkCI03hz0TYJHH8pLz5ST9ZuT8aOf/R5pAG","previousCounter":0,"rootKey":"F4yDiFQ89bod12a0Jkm7GU6Nw0PUF8XmB4/IlSTdoXo="},"indexInfo":{"baseKey":"BRqF5ADBI1i3YuH2CsDP1ZKnNoDzH0AdfF77bvjfzMJC","baseKeyType":1,"closed":-1,"used":1761598447849,"created":1761598447849,"remoteIdentityKey":"BRvWe6tO53EbnO2UV/DEBfQyDrdl59uyrkh7sF63Pzo/"},"_chains":{"BTgWg+mgvCuOgqBR4DI5+u4P3kKXerDpMw0a4DXPBTMe":{"chainKey":{"counter":16,"key":"s/7PeUIdWFKqFu5kiZ7PAI/ZFlp/vi1VXUHghg807nA="},"chainType":1,"messageKeys":{}}},"pendingPreKey":{"signedKeyId":3,"baseKey":"BRqF5ADBI1i3YuH2CsDP1ZKnNoDzH0AdfF77bvjfzMJC","preKeyId":975}}},"version":"v1"}