{"_sessions":{"BTa81BllEGSQXJO4FANWU3MV/rEpflaHXTUuRKGxEGgU":{"registrationId":12276,"currentRatchet":{"ephemeralKeyPair":{"pubKey":"BX7ZxA0c0sHt40+MFvWB/ourDGm6OzxhDiFX1dVA78MS","privKey":"oEYsB0gjVYp5QkQK5MwXJpEIHw/hMfXPA6/qpO5WLk0="},"lastRemoteEphemeralKey":"BYQK7AQGthcyrvae1CtCp+SX1CPg0Tto907OmpNNqhxX","previousCounter":0,"rootKey":"VyHMegphTjYGE+AXuMV3fNzE1rXRnxLDK/m2FkDkXnk="},"indexInfo":{"baseKey":"BTa81BllEGSQXJO4FANWU3MV/rEpflaHXTUuRKGxEGgU","baseKeyType":1,"closed":-1,"used":1761056519647,"created":1761056519647,"remoteIdentityKey":"BeHtXM2sG/FGBDdKvwrCkBr5T1IdO3J1EYVAu/gwVzZP"},"_chains":{"BX7ZxA0c0sHt40+MFvWB/ourDGm6OzxhDiFX1dVA78MS":{"chainKey":{"counter":18,"key":"wWHdLQ808qSET+DhDq6am37RMJxFiTItIT8eCIeca9U="},"chainType":1,"messageKeys":{}}},"pendingPreKey":{"signedKeyId":1,"baseKey":"BTa81BllEGSQXJO4FANWU3MV/rEpflaHXTUuRKGxEGgU","preKeyId":756}}},"version":"v1"}