{"_sessions":{"Bd3V2aVf9tZ6qwEcdspJ1dxWWbBGgpJyj6AFK49lttxa":{"registrationId":10125,"currentRatchet":{"ephemeralKeyPair":{"pubKey":"BTv2Aw/TGc7qG4dJaMvdU/WTpSkL2jrlsRyzbrsMocdx","privKey":"sB+t3rWGQWiVDbvLSfmrAsPrwcYlCMmFvpjGaPPpRm8="},"lastRemoteEphemeralKey":"Be5pJEn4tWPee1FFoiGLasvdiyjAzbjcGXwBp6nsioVx","previousCounter":0,"rootKey":"4dMiCxpqPP1azKB/nU+u9eOJ+MBrzgejDZuFZiJplCs="},"indexInfo":{"baseKey":"Bd3V2aVf9tZ6qwEcdspJ1dxWWbBGgpJyj6AFK49lttxa","baseKeyType":1,"closed":-1,"used":1761055850479,"created":1761055850479,"remoteIdentityKey":"BYHKGG+xsEmZ+PUHmhZgOh9QdyA8w/i7McvNLpnxsZAF"},"_chains":{"BTv2Aw/TGc7qG4dJaMvdU/WTpSkL2jrlsRyzbrsMocdx":{"chainKey":{"counter":16,"key":"U3Cd6Oc1XI/Ro/lOKuIOnH+5QUgibiwFV/IQZ5BDzoU="},"chainType":1,"messageKeys":{}}},"pendingPreKey":{"signedKeyId":1,"baseKey":"Bd3V2aVf9tZ6qwEcdspJ1dxWWbBGgpJyj6AFK49lttxa","preKeyId":450}}},"version":"v1"}