{"_sessions":{"BcpyZfTK679eVtnxL9y2fwvYWaJ5w/a8B2xUJNkSAbsh":{"registrationId":1905142347,"currentRatchet":{"ephemeralKeyPair":{"pubKey":"BTyYcMe7sPVIr7apZs/MFHCsSTpg2mqSHXKdeN0mvg9V","privKey":"QA18uHTFxkXfNAUEoqrR6dMlt/1URO1n1FM+iHSiV3I="},"lastRemoteEphemeralKey":"Bd3H4eqXFe5/TB5/N9TEtV2987pF91kfqerlsiw+4EY5","previousCounter":1,"rootKey":"P7mUgbbhrYosWxby1ygD0bSvSYxbx6IwriLwwQrSgdQ="},"indexInfo":{"baseKey":"BcpyZfTK679eVtnxL9y2fwvYWaJ5w/a8B2xUJNkSAbsh","baseKeyType":2,"closed":-1,"used":1760751889050,"created":1760751796247,"remoteIdentityKey":"BTPhSepRnHU7z1jFqv2aKVkqAyNEDr71Z+T1dMPVOoJV"},"_chains":{"BaiWRay4DrhspGqjzgyiBwwSJ9OtagEDfV8tES7uKvAw":{"chainKey":{"counter":0},"chainType":2,"messageKeys":{}},"BfDtW9z3oXoqxNVIANFqVaFFjSQ/1BPlb0u26isjJ+dy":{"chainKey":{"counter":0},"chainType":2,"messageKeys":{}},"BcMWTQoky8KyFteKuw3qlRe8xDm7XzpP44WwAHCAGElX":{"chainKey":{"counter":0},"chainType":2,"messageKeys":{}},"BeyGpDTVKI3AwMvMMWJ1cjp0xig+iK8L2R2TvbXGCmhZ":{"chainKey":{"counter":0},"chainType":2,"messageKeys":{}},"BSuA8JQtlKYYj2HHs7RP+4cyrwXtg5RRrw/PnqQcRcMw":{"chainKey":{"counter":0},"chainType":2,"messageKeys":{}},"Bd3H4eqXFe5/TB5/N9TEtV2987pF91kfqerlsiw+4EY5":{"chainKey":{"counter":0,"key":"p2J8HDgTOojj+66J8/wtIPWhbDXUnyvAei1lP2SzN+4="},"chainType":2,"messageKeys":{}},"BTyYcMe7sPVIr7apZs/MFHCsSTpg2mqSHXKdeN0mvg9V":{"chainKey":{"counter":6,"key":"sn7Ve+JIiLXyv+TX7Bb786Sij66ckELE7ZohpZ6J9tw="},"chainType":1,"messageKeys":{}}}}},"version":"v1"}