{"_sessions":{"BexpFaJI8qcoAzq83F/x79rfbqcyCom+7j9wV8bFaWsx":{"registrationId":611207030,"currentRatchet":{"ephemeralKeyPair":{"pubKey":"BTMcWXGXYF5iED7Jvh8Y9lB7H0z1nKyPXAHuw1gIX69s","privKey":"+AjaagwHWZyH7K0NH0D6FrCf9eaQUoIBF8hGG0BWbUI="},"lastRemoteEphemeralKey":"BUxIuYiBKSu4Hprr5gljV2byPSYwlEfZRfeqG6dCf3oP","previousCounter":0,"rootKey":"SUF8bVQ0TIpwqMJBHZJWzuDWe+EucH7K4qkrThGz4BI="},"indexInfo":{"baseKey":"BexpFaJI8qcoAzq83F/x79rfbqcyCom+7j9wV8bFaWsx","baseKeyType":2,"closed":1761333050845,"used":1761333049722,"created":1761333049722,"remoteIdentityKey":"BU3ZCVIxGVJPxL+jkZPNaEZs1asmMJX8o1B01LBnwGhf"},"_chains":{"BUxIuYiBKSu4Hprr5gljV2byPSYwlEfZRfeqG6dCf3oP":{"chainKey":{"counter":0,"key":"w+rjkBgytflgNlQwewJSDP8LObUvLfTKIXU/J8WO2oM="},"chainType":2,"messageKeys":{}},"BTMcWXGXYF5iED7Jvh8Y9lB7H0z1nKyPXAHuw1gIX69s":{"chainKey":{"counter":-1,"key":"iVMSJI20BpenatfyYDCBKakxAgxHQD/lJFis5GqVKXk="},"chainType":1,"messageKeys":{}}}},"BTxPZoR933VuTicQWJNweD19NfH/pOr+E76FoVHa09Qu":{"registrationId":611207030,"currentRatchet":{"ephemeralKeyPair":{"pubKey":"BcO/d+r/FVaM3znVHU4evCcEwTbHWzJkJJ9wqVvV0zor","privKey":"KDcnTyfos5/KNU4smfyn38lvjRmwoFSvYbqQdy47fWs="},"lastRemoteEphemeralKey":"BWs9zJMnejb9LkkeCb0Aa74/UN189WNMg0+fplStMQkd","previousCounter":1,"rootKey":"2vp1eTCXHxqibz278YGHaduM0W3cgYUX07ULlPzdpoE="},"indexInfo":{"baseKey":"BTxPZoR933VuTicQWJNweD19NfH/pOr+E76FoVHa09Qu","baseKeyType":2,"closed":-1,"used":1761333115582,"created":1761333050848,"remoteIdentityKey":"BU3ZCVIxGVJPxL+jkZPNaEZs1asmMJX8o1B01LBnwGhf"},"_chains":{"BZ3AtWCIIZq9Rx5SjwotbNHOm1mp86nY61jWwrVfjGwE":{"chainKey":{"counter":1},"chainType":2,"messageKeys":{}},"BbaGt2uvT2x8HLrlPFL3FOGb08KtwBfihSgxJ/f6WxoV":{"chainKey":{"counter":0},"chainType":2,"messageKeys":{}},"BWs9zJMnejb9LkkeCb0Aa74/UN189WNMg0+fplStMQkd":{"chainKey":{"counter":0,"key":"O4lnRqu4bMabUrYE5wPVM4gbMbK5V/iFCIuA3VUd5Vk="},"chainType":2,"messageKeys":{}},"BcO/d+r/FVaM3znVHU4evCcEwTbHWzJkJJ9wqVvV0zor":{"chainKey":{"counter":-1,"key":"wx3aee8uQ0jsrD4O+eahaHeav1TG/BpeNyP1KBdf5WI="},"chainType":1,"messageKeys":{}}}}},"version":"v1"}