{"_sessions":{"BW9jmg8JFTkwXEErocKN+UwBrR0Hf7T5lspYCRHbn+oi":{"registrationId":1135221917,"currentRatchet":{"ephemeralKeyPair":{"pubKey":"BVMDep69/8UmUSU2uSH43Xz2LeZi+C/lMNNW6RGPjiBk","privKey":"eGGPnVsA0NVhRbmuiaiyFOfrPHHl4EwQfwFpasAfa0M="},"lastRemoteEphemeralKey":"BeBLu486MB8j6pEFF4LS2+HDdJibJ+pvPWW36yomj9dT","previousCounter":0,"rootKey":"8/0hw4AkPQGfMcttKOBl5NxLC1fbTrY2YXc5yZ6uMVQ="},"indexInfo":{"baseKey":"BW9jmg8JFTkwXEErocKN+UwBrR0Hf7T5lspYCRHbn+oi","baseKeyType":2,"closed":-1,"used":1760624180023,"created":1760624180023,"remoteIdentityKey":"BQD3U3IfwfrEYxM6GejRe18jTkMAXztGA4g1pj6BefVw"},"_chains":{"BeBLu486MB8j6pEFF4LS2+HDdJibJ+pvPWW36yomj9dT":{"chainKey":{"counter":2,"key":"+crgoqiYwRIxBTO9ArEnGAqWsFy6Wx8khBPPP1lfGXs="},"chainType":2,"messageKeys":{}},"BVMDep69/8UmUSU2uSH43Xz2LeZi+C/lMNNW6RGPjiBk":{"chainKey":{"counter":15,"key":"EwCeDR0XNG93IcF/zD9iqtvK2qrq8JWsPAO3OTj7fxI="},"chainType":1,"messageKeys":{}}}}},"version":"v1"}