{"_sessions":{"BdRzjC9ZJpUKnJGPAGSXRTfE4KrykEUqKfWP8X1cchdi":{"registrationId":13600,"currentRatchet":{"ephemeralKeyPair":{"pubKey":"BZ1GSGgth2vf0tgxcH24/z1AIzPIM+zhP1lw1Sk3ZflA","privKey":"kBWyhZ6SQCvKL7ofcZwSbKo5TZ4eVFBNETGAJftCclw="},"lastRemoteEphemeralKey":"BZ1NV1B+AGaR6XPys6DDyXHBzBeYnT8jytkaYyR/ofZT","previousCounter":0,"rootKey":"O7gDgRLQyaUzwrpI1VeAKdP9mjBWfu+IQq1QQmL8DXY="},"indexInfo":{"baseKey":"BdRzjC9ZJpUKnJGPAGSXRTfE4KrykEUqKfWP8X1cchdi","baseKeyType":1,"closed":-1,"used":1761593210563,"created":1761593210563,"remoteIdentityKey":"BdzflhZKLdm9qBe5ShSSV0QMKhkFVednrSh87xtldzZ+"},"_chains":{"BZ1GSGgth2vf0tgxcH24/z1AIzPIM+zhP1lw1Sk3ZflA":{"chainKey":{"counter":3,"key":"1JflueRopuOikBMlEusjDo0FngltnxYRYsMGz5OluNA="},"chainType":1,"messageKeys":{}}},"pendingPreKey":{"signedKeyId":1,"baseKey":"BdRzjC9ZJpUKnJGPAGSXRTfE4KrykEUqKfWP8X1cchdi","preKeyId":504}}},"version":"v1"}