{"_sessions":{"BVsSQJRy+LTG0dBjBq6sx8xqKb6gEaaOJ0QGM/mcsyA0":{"registrationId":386138492,"currentRatchet":{"ephemeralKeyPair":{"pubKey":"BYU4yXzaWY5RBNqIkYeyXGrEtFTali4pHl41bv811NQ8","privKey":"UMYvDA+u19/6fgNGxKcY0HpdT1cxgcap1CbtvBPULXY="},"lastRemoteEphemeralKey":"BaUXKYImfKRZnBYt6wQ/UerOXpARb4S2YqwZCEniIdgT","previousCounter":1,"rootKey":"AaS3f4DURojVkJjpQCDMTWlbUsbUDtFuLo69sfJYvQQ="},"indexInfo":{"baseKey":"BVsSQJRy+LTG0dBjBq6sx8xqKb6gEaaOJ0QGM/mcsyA0","baseKeyType":2,"closed":-1,"used":1760633456265,"created":1760633411493,"remoteIdentityKey":"BSYgDCUbPyo/Ors+xzIVO1WL8bpJ86HQTX5KmHKq2wwS"},"_chains":{"BXEkbGMlDlyuiePFrF9aPCVWiRY0cdyXs0SVeIlI1v90":{"chainKey":{"counter":0},"chainType":2,"messageKeys":{}},"BTWmLhbTtklzWKCr/e8dti3k1YaXnFJFVq2BZGned+wN":{"chainKey":{"counter":0},"chainType":2,"messageKeys":{}},"BUN0+rLWFD5D2wLKaw/uhUKYdHVyzUYuNDZd57urWoEA":{"chainKey":{"counter":0},"chainType":2,"messageKeys":{}},"BaJPa9z+UXlKgtju4UsJzrT/jYN4HA12+D6VyzbcjFRq":{"chainKey":{"counter":0},"chainType":2,"messageKeys":{}},"BaUXKYImfKRZnBYt6wQ/UerOXpARb4S2YqwZCEniIdgT":{"chainKey":{"counter":0,"key":"RWfhtZ3Wzv6dzzSHNpDbwGbZInXe9oG6uinV9hG9eXc="},"chainType":2,"messageKeys":{}},"BYU4yXzaWY5RBNqIkYeyXGrEtFTali4pHl41bv811NQ8":{"chainKey":{"counter":1,"key":"/Lmz8eqzm66PZtCoXF/kslL1qHNvwVprKACcas0MDto="},"chainType":1,"messageKeys":{}}}}},"version":"v1"}