{"_sessions":{"BXXsHlSy2qZ/dyZ6XMJwRHXY7qhfKlcqna7Z7WoG7DgX":{"registrationId":631011505,"currentRatchet":{"ephemeralKeyPair":{"pubKey":"BeVyjzdlgkltAwZTyywckEw/anT3ngcOAL81+R5lfvhZ","privKey":"6HtBCazjz8d39JxZWqOd0TzSsl/lDh48Lrj5h/LXyV0="},"lastRemoteEphemeralKey":"BdBKt6grSg5blSNwRJBesm7SSORYQ6Iu1Mbk4SFf0pZ2","previousCounter":0,"rootKey":"Qe4PqYue7/Q8yFJ0Wid4AtsCkc/dHKW4MKe/kzL1LYk="},"indexInfo":{"baseKey":"BXXsHlSy2qZ/dyZ6XMJwRHXY7qhfKlcqna7Z7WoG7DgX","baseKeyType":2,"closed":-1,"used":1761169101765,"created":1761169101765,"remoteIdentityKey":"BS2ta/eshRrVZF+hMDtjyzwlx4a/b2xq1h6c1xqPfYdk"},"_chains":{"BdBKt6grSg5blSNwRJBesm7SSORYQ6Iu1Mbk4SFf0pZ2":{"chainKey":{"counter":1,"key":"tr3MkWjDWmWbETKJyfsyYs7zLBe6YJErewUcUrPJZZE="},"chainType":2,"messageKeys":{}},"BeVyjzdlgkltAwZTyywckEw/anT3ngcOAL81+R5lfvhZ":{"chainKey":{"counter":-1,"key":"TV3sKUp9QLeR+VLSfXvRfpP5x7WXxTBVrlOge2dQEx8="},"chainType":1,"messageKeys":{}}}}},"version":"v1"}