{"_sessions":{"Ba09VTlmSPL7GTHhIqGny9oCOGSogJIFw0dabXLovjci":{"registrationId":3736,"currentRatchet":{"ephemeralKeyPair":{"pubKey":"BW2irfahyET0JkhZa9dPLJsKG+QMRMv1wnvozS9/m68D","privKey":"WCx3taSmPSOBLfJ9sNVAx2IUrcKxsOBVR+KFIyoOdlI="},"lastRemoteEphemeralKey":"BWrAdYpNJ1Ude83jIcPX8Mi3+TQ+833mK34Vemtzutcw","previousCounter":0,"rootKey":"da2nD/4Fpy7+DxjQ6wTDMPk20bhQuz005fMwVKkr9xo="},"indexInfo":{"baseKey":"Ba09VTlmSPL7GTHhIqGny9oCOGSogJIFw0dabXLovjci","baseKeyType":1,"closed":-1,"used":1761588780759,"created":1761588780759,"remoteIdentityKey":"BTRZ1sZTx5iMB+/xPgodXhNXbSjcuGjxLhgbUFpSspJt"},"_chains":{"BW2irfahyET0JkhZa9dPLJsKG+QMRMv1wnvozS9/m68D":{"chainKey":{"counter":18,"key":"4zF8+ceHw1n7+FYMQWTAVDbex9pO7yLxc9FO4vpe5es="},"chainType":1,"messageKeys":{}}},"pendingPreKey":{"signedKeyId":2,"baseKey":"Ba09VTlmSPL7GTHhIqGny9oCOGSogJIFw0dabXLovjci","preKeyId":1434}}},"version":"v1"}