{"_sessions":{"BSPRqFDKmYf7L++f7RLreHG/zZY62m9DwpXSIcYZzgQU":{"registrationId":426150007,"currentRatchet":{"ephemeralKeyPair":{"pubKey":"BbJC06bdOkZfZrID9TPnO1/nm0BkJw0/VVrqM+XHdpVA","privKey":"4IidsZ/xwGLawHbGovt6QH1Z8Mz2Oe/o0zoD/QnKO30="},"lastRemoteEphemeralKey":"BXaX4/xgFyI6zecWBCNbfmZScVkDmkLSJm54nKuG8Ch7","previousCounter":0,"rootKey":"jVlRSVhsjhgQ8uu06Y0d/IWOF7RqXbluVUnm/mmO9So="},"indexInfo":{"baseKey":"BSPRqFDKmYf7L++f7RLreHG/zZY62m9DwpXSIcYZzgQU","baseKeyType":2,"closed":1761668908644,"used":1761668907632,"created":1761668907632,"remoteIdentityKey":"BQ77vDW03sADeEp5MpF8AzQXRfs2vtyLUz5CbSeB0CFi"},"_chains":{"BXaX4/xgFyI6zecWBCNbfmZScVkDmkLSJm54nKuG8Ch7":{"chainKey":{"counter":0,"key":"n/LJHq2ElW847PR6fic7hf4iGhHeFytHZdjtPLGgeYU="},"chainType":2,"messageKeys":{}},"BbJC06bdOkZfZrID9TPnO1/nm0BkJw0/VVrqM+XHdpVA":{"chainKey":{"counter":-1,"key":"T1o8U2M7zfFWa6J0IfGvrWlk+8uLsJQlHwabCPoGCyQ="},"chainType":1,"messageKeys":{}}}},"BRT9v8Yk3xxUGtaLhEF2vTOYTv3YMFWWtYuLvNqYV/Mq":{"registrationId":426150007,"currentRatchet":{"ephemeralKeyPair":{"pubKey":"BWcQAOAhCJqLNCGYKfb+g1Ugqxi6c8qR0Ie+roOnV1Ye","privKey":"8KhwDDwu8AwwzvS+ivEw3k7PFbqL3tM7tSb3h1V7s0k="},"lastRemoteEphemeralKey":"BcYB6/7rvyTJMKmAIWmafVrSrJ6YKv7BLXIxmiqF3C5V","previousCounter":138,"rootKey":"pmpdnB1t6jNuRIw7WcA0rVeha/DOM6wLaEhZtrh9/Ds="},"indexInfo":{"baseKey":"BRT9v8Yk3xxUGtaLhEF2vTOYTv3YMFWWtYuLvNqYV/Mq","baseKeyType":2,"closed":-1,"used":1761676111102,"created":1761668908644,"remoteIdentityKey":"BQ77vDW03sADeEp5MpF8AzQXRfs2vtyLUz5CbSeB0CFi"},"_chains":{"BbETElGuDDH9CtR+jk0ioae+gL4yFAsi4zYol38g7dsd":{"chainKey":{"counter":0},"chainType":2,"messageKeys":{}},"BQw8TN8GyzL+9hAMOndYL1irLeQcR8uHm5lAlFgouO5E":{"chainKey":{"counter":0},"chainType":2,"messageKeys":{}},"BUPYz0ufAjFdLI4Yxy5QT1xFtBo20g1Fn3LwhKf0Lccp":{"chainKey":{"counter":0},"chainType":2,"messageKeys":{}},"BX2mvKy51Fg7EzfR+HIp6rOT7XucPvifJj5upZMcxbJB":{"chainKey":{"counter":0},"chainType":2,"messageKeys":{}},"BTWOjbUh3EmJ8PyzIWiqwbyslEbBGtYrlV/ua2WX6gA/":{"chainKey":{"counter":0},"chainType":2,"messageKeys":{}},"BQDQdPnaK7kGTlLb/Ye1/Tjn3j/+8GUOybhJdHoCcbZ9":{"chainKey":{"counter":0},"chainType":2,"messageKeys":{}},"Bc2KwYhb/hLiRHw4xTVweCwWkDIlRRPjd1Jjo8TSisMY":{"chainKey":{"counter":0},"chainType":2,"messageKeys":{}},"BT7gdlXzp500d1n6ITDJJzRJwSVj6fPsi+cV9fMwxsN7":{"chainKey":{"counter":0},"chainType":2,"messageKeys":{}},"BTnLl03ZmQSlWlnlOBWhgG+FkCiHej+vOElxoRaQ0WZ6":{"chainKey":{"counter":0},"chainType":2,"messageKeys":{}},"BcYB6/7rvyTJMKmAIWmafVrSrJ6YKv7BLXIxmiqF3C5V":{"chainKey":{"counter":2,"key":"dAtJt7kFaJPOJ7zLNJXILPcum2Etvdqat0DVilJ2w3c="},"chainType":2,"messageKeys":{}},"BWcQAOAhCJqLNCGYKfb+g1Ugqxi6c8qR0Ie+roOnV1Ye":{"chainKey":{"counter":-1,"key":"FSDOu5txk9oMpNNM8A3V1lchPU8YnzdVQbkKcgbNO5U="},"chainType":1,"messageKeys":{}}}}},"version":"v1"}