{"_sessions":{"BeQqPrfSfguskf1RK29eg6oYwrb0R5kADiA563YGwnJG":{"registrationId":6636,"currentRatchet":{"ephemeralKeyPair":{"pubKey":"BRtYSkLzknIbvz06lX0h+ZPOZgqIYREXcN212E5waZVS","privKey":"MBjK6rqS6SGIzMt7FzrZvt4P29hNoxZe3Ggd+mmzn1E="},"lastRemoteEphemeralKey":"BX7iv2+Q9wytwnmtdNsldkdfihWkjBmB5Z8yrz01csxy","previousCounter":0,"rootKey":"ZfVouZYzrbzQRt7VFF4DUQZJRBNWd/I7tJ8uIZsEIw8="},"indexInfo":{"baseKey":"BeQqPrfSfguskf1RK29eg6oYwrb0R5kADiA563YGwnJG","baseKeyType":1,"closed":-1,"used":1761055850480,"created":1761055850480,"remoteIdentityKey":"BUz9CQLpMPuDst7rTGNiVquuKwksZSMqats37TyqFM01"},"_chains":{"BRtYSkLzknIbvz06lX0h+ZPOZgqIYREXcN212E5waZVS":{"chainKey":{"counter":16,"key":"CE1EB0zzxvr8aE50M6WvPM/N5a1jzkoOodfy/j/XWjI="},"chainType":1,"messageKeys":{}}},"pendingPreKey":{"signedKeyId":1,"baseKey":"BeQqPrfSfguskf1RK29eg6oYwrb0R5kADiA563YGwnJG","preKeyId":6}}},"version":"v1"}