{"_sessions":{"BUxNQ7vD7dcDKF/c57WXDkzZPTXF//MpE2W1TYm2fCIY":{"registrationId":615971374,"currentRatchet":{"ephemeralKeyPair":{"pubKey":"Ba/vmBuRJ/QHg46OsSh1JgEvOsLkFFl8Pb2esgLeyk07","privKey":"MHJed26i39CgVHqx7CbANwoisnwXv4UFk6UYlHKatHY="},"lastRemoteEphemeralKey":"BYy3VMfPs8O0p9QG/66aS6wzQVewSGWb02hQBvdiKJ9k","previousCounter":0,"rootKey":"ieS1n7odiHWJWRiqPFlOYuof8+0IEVZRLb5g7frjhos="},"indexInfo":{"baseKey":"BUxNQ7vD7dcDKF/c57WXDkzZPTXF//MpE2W1TYm2fCIY","baseKeyType":1,"closed":-1,"used":1761588780758,"created":1761588780758,"remoteIdentityKey":"BSvk7+Vg/f4My7frt/JaiSIUVTTEBWQ2QizxAXuM5o0P"},"_chains":{"Ba/vmBuRJ/QHg46OsSh1JgEvOsLkFFl8Pb2esgLeyk07":{"chainKey":{"counter":18,"key":"P12dfkDWAT68zxC6+s7FwpC8KPsnvmjDUqPC8gxQrCI="},"chainType":1,"messageKeys":{}}},"pendingPreKey":{"signedKeyId":8228312,"baseKey":"BUxNQ7vD7dcDKF/c57WXDkzZPTXF//MpE2W1TYm2fCIY","preKeyId":2830}}},"version":"v1"}