{"_sessions":{"BZUCDWxFp7yyvoVSR+TPUYjQULshf8QzxI+txPKt87t6":{"registrationId":32772867,"currentRatchet":{"ephemeralKeyPair":{"pubKey":"BXEGmxJrtKGIMd+Nerj5pI2mSu0o/YSAcqz7YcgnbcsZ","privKey":"cO3Tx5OufVo4wbb0642v/OmDIjoMBipwmdNRgvnXcm0="},"lastRemoteEphemeralKey":"BbDsOpKCl0mxcGHsbJc5f7ImOc3mTTTdZSZ5t+htNBAe","previousCounter":17,"rootKey":"sVHLpP6RPWDNK0QDM/LN13Mz6z1YFFfktFLOw7Ea1Bk="},"indexInfo":{"baseKey":"BZUCDWxFp7yyvoVSR+TPUYjQULshf8QzxI+txPKt87t6","baseKeyType":2,"closed":-1,"used":1761684743043,"created":1760553516482,"remoteIdentityKey":"BXfq+N04hGrdQqpyTDeWAhMVUn+fekaBCLnD4P35f/ov"},"_chains":{"BdLjDsUjzS8KSXTYQbz3cWmEMcQqrYBD6VZN4DBJt/kQ":{"chainKey":{"counter":8},"chainType":2,"messageKeys":{}},"BYsmduOebo/mZn2drB/Gn7ViJlXRn9s0VioOTYYB7wwB":{"chainKey":{"counter":1},"chainType":2,"messageKeys":{}},"BRdfZLF+jlxHddVODttlb6ZPXdyV5uWpbtHUMtZSdEd8":{"chainKey":{"counter":0},"chainType":2,"messageKeys":{}},"BVMufdA10v9HbgYURtUEjpoRKRREHtDkGShjC0HawPJB":{"chainKey":{"counter":0},"chainType":2,"messageKeys":{}},"BfIz1Jg4zzVQ8hWLAvuaeFt8xYJpqa4UkYLKPPBriqtw":{"chainKey":{"counter":0},"chainType":2,"messageKeys":{}},"BcWqN2ErSaniWkDhYEPc5J+gWtVjbHhwOqyV7iFOg+kQ":{"chainKey":{"counter":0},"chainType":2,"messageKeys":{}},"BRcclA9hTQMjSdIpk7DSpTD989K1FKsiLsXZKUnzq40Z":{"chainKey":{"counter":0},"chainType":2,"messageKeys":{}},"BZPLPa5YqibYUHuX2LVpp4DllSTKkd6H4pQbGKpGsrgT":{"chainKey":{"counter":0},"chainType":2,"messageKeys":{}},"BYoCpvqwWxkRqalZRVQqlIG1xZX5ABeCMZ+FKF90r1lk":{"chainKey":{"counter":0},"chainType":2,"messageKeys":{}},"BcRe9YD/CAdUt2736NuVfvU9qqx7oPQMrVE7YuCB2Lx9":{"chainKey":{"counter":0},"chainType":2,"messageKeys":{}},"BUnE2xbxmmr0g3+bK0rBFk8VLyH5dvrlILcZ6eS93qUr":{"chainKey":{"counter":1},"chainType":2,"messageKeys":{"0":"P9mkFfXriyQ+ARdNtnzSLH9uNp5LWPtnBer9GEqrOxM="}},"BfJyMT+upvK6HF4/gnvlDyoimmKevfTHxz/tgRBhGyw2":{"chainKey":{"counter":1},"chainType":2,"messageKeys":{}},"BRx4vq/KlDfysK4rr/b4q5576pmfsOb7gCK8vSHAgJk5":{"chainKey":{"counter":0},"chainType":2,"messageKeys":{}},"BQHO72cK1IGujj++vjZGrp7zUr7qMlDSqY/8NBg1pL9+":{"chainKey":{"counter":0},"chainType":2,"messageKeys":{}},"BUryAK8bGFJXCDFRHho1oqJkFzjsIjC9CdghbEmHUTNy":{"chainKey":{"counter":6},"chainType":2,"messageKeys":{"3":"8J5P3WlHHHKHgJp8YO169Fo/eHTlqfxV/+Nm2TMmibw="}},"BVDiIys6+EKPLL59TzVrw5x0uTKdg3WOlUZJJJBrhkFD":{"chainKey":{"counter":0},"chainType":2,"messageKeys":{}},"BWjizGhTZwHfQgtV9maere27QXcG//U89iCuXvK2rO4O":{"chainKey":{"counter":0},"chainType":2,"messageKeys":{}},"BWOZkaP8zyL6Rct+SQpTKNCO0bEkxdBTnTqMj9GQt9oE":{"chainKey":{"counter":1},"chainType":2,"messageKeys":{}},"Bdmna6PDLPhAFqfUlYUdxDMjNOsWJcvkHDGb/6S1TXA4":{"chainKey":{"counter":0},"chainType":2,"messageKeys":{}},"BQ8UvvgZgVaJZyl2I1kRDGUyBQaAPDw44E7MSBNTRPNk":{"chainKey":{"counter":2},"chainType":2,"messageKeys":{}},"BQgvNJAldZmLpMgLTq1lYTqBi4af/1LKuE4QIG09KnJT":{"chainKey":{"counter":0},"chainType":2,"messageKeys":{}},"BTIsQnb6XGQXSDZTXt986yrTsB86taTdFtf6dMQnEWBz":{"chainKey":{"counter":0},"chainType":2,"messageKeys":{}},"BVDdBwwyGJ/4uc4ahes/vKZUxZ+irRpUIz7s8WIgZO1A":{"chainKey":{"counter":0},"chainType":2,"messageKeys":{}},"BX6xoK44I5+F7+Drxeunn2fTGmlg+KpIcFpScy/0KfFb":{"chainKey":{"counter":0},"chainType":2,"messageKeys":{}},"Bdml/FujDRz2clgNBS5FX3o5RkQRFidXQTtw0FUz2OU9":{"chainKey":{"counter":0},"chainType":2,"messageKeys":{}},"BaJmrOrdH7PosrGHTGrfNupaUBXqYcd9jUEILITfvEta":{"chainKey":{"counter":0},"chainType":2,"messageKeys":{}},"BZfGqgeFEwcuECjrSvCss4jjz2VsziF85kehhZateANr":{"chainKey":{"counter":0},"chainType":2,"messageKeys":{}},"BeuUCacciM+G5dPGnZKPbDdslaY6bLIhUHWqu9h2DHs5":{"chainKey":{"counter":0},"chainType":2,"messageKeys":{}},"BbDsOpKCl0mxcGHsbJc5f7ImOc3mTTTdZSZ5t+htNBAe":{"chainKey":{"counter":0,"key":"S5RfsRReluIJuR/bAmP8uX1f82zYZXXaLDcXb5XKdEE="},"chainType":2,"messageKeys":{}},"BXEGmxJrtKGIMd+Nerj5pI2mSu0o/YSAcqz7YcgnbcsZ":{"chainKey":{"counter":14,"key":"DlkHoJGeo9P6odvYQzRW1XVx/IsnILMPdq296gjpe7k="},"chainType":1,"messageKeys":{}}}}},"version":"v1"}