{"_sessions":{"Bap20MiOSMjCA6f+4FjHr9fxjKgzybEadXRyQFOi4SoD":{"registrationId":7450,"currentRatchet":{"ephemeralKeyPair":{"pubKey":"BVQ6FG4ZECFo6ViKfhJTugnX64OYP5uhhros5toQwYlB","privKey":"QBqdxfo4moMfG5yYTxmf7mY8PDgbhVr8uMYMyaKIbkg="},"lastRemoteEphemeralKey":"BfSV+xdTkm81SPlIzTnrYrUorpS3msVWkTomvuLbSWEV","previousCounter":0,"rootKey":"Dkxcfh/mPjxjw6G1Md4a4gFikt8aehdf/TNVkSWaF0s="},"indexInfo":{"baseKey":"Bap20MiOSMjCA6f+4FjHr9fxjKgzybEadXRyQFOi4SoD","baseKeyType":1,"closed":-1,"used":1761606297695,"created":1761606297695,"remoteIdentityKey":"BWPI7axK8ka3JQbTlVstjPJLplGWTtMEGjQjrgs50jVg"},"_chains":{"BVQ6FG4ZECFo6ViKfhJTugnX64OYP5uhhros5toQwYlB":{"chainKey":{"counter":27,"key":"I+SNNGj19IS3OBi3Ucl7yqSpvTblnaTFhE8+jKNZ3G0="},"chainType":1,"messageKeys":{}}},"pendingPreKey":{"signedKeyId":1,"baseKey":"Bap20MiOSMjCA6f+4FjHr9fxjKgzybEadXRyQFOi4SoD","preKeyId":411}}},"version":"v1"}