{"_sessions":{"BSGIGLn3faCAzg43HYzdORvNHbmrPxc5mTJaK4sItS92":{"registrationId":671,"currentRatchet":{"ephemeralKeyPair":{"pubKey":"BfsUB7EkTzVvtUxJsC/xCcC7/ClxgpodbDMMPw5Llpp4","privKey":"6Gt/m3fRVzyTx4+irkBKpBcdSonbYLt+HjZrDc3k6FA="},"lastRemoteEphemeralKey":"BRdb4t/8dNWQTE7J4R3bJws2by6WnHqEsrmK6pLuu08s","previousCounter":0,"rootKey":"10ijXw0BCCRttq39Js2ZgJ3W3QygDzdDOvhJsGx6vXc="},"indexInfo":{"baseKey":"BSGIGLn3faCAzg43HYzdORvNHbmrPxc5mTJaK4sItS92","baseKeyType":2,"closed":-1,"used":1761234100068,"created":1761234100068,"remoteIdentityKey":"BXSwZxELmiCRXe2P+MAGXYLPJ6cLb0RRGINYk5BvnCIL"},"_chains":{"BRdb4t/8dNWQTE7J4R3bJws2by6WnHqEsrmK6pLuu08s":{"chainKey":{"counter":1,"key":"RX5E0Uj9BBNEWWoJEux/Rpn53HwmAcwA2IWwgVdxwGs="},"chainType":2,"messageKeys":{}},"BfsUB7EkTzVvtUxJsC/xCcC7/ClxgpodbDMMPw5Llpp4":{"chainKey":{"counter":-1,"key":"7IByUNdZH294k0c1MifVa568mrDP6J4eQEFx0q01cEs="},"chainType":1,"messageKeys":{}}}}},"version":"v1"}