{"_sessions":{"Bd4waZOH/1sQhBem7n3YuIIiuq5puUTU3lHken2+G2M3":{"registrationId":1513451234,"currentRatchet":{"ephemeralKeyPair":{"pubKey":"BbG9OLTo/KF2sag8Ea2K/WmyzSJ/v23q3iCwjildcy8U","privKey":"6EYbkuFAhs8iQY4uRf7d7up3RoLL6KdGz0zd06e7lnI="},"lastRemoteEphemeralKey":"BfLNy6Heg7AI/2bPej9oX/IK6LCQw7rzwPA2vnfPJaUG","previousCounter":0,"rootKey":"MRgdkuxqTxt8Q3oWCMARKcVu5J5HIOaRFsDT9yPmIaY="},"indexInfo":{"baseKey":"Bd4waZOH/1sQhBem7n3YuIIiuq5puUTU3lHken2+G2M3","baseKeyType":2,"closed":-1,"used":1761334828698,"created":1761334828698,"remoteIdentityKey":"BfCpSw7YoiYw55/A+/ycQVp0FlPLGtB2BG3Ue+m/YaE7"},"_chains":{"BfLNy6Heg7AI/2bPej9oX/IK6LCQw7rzwPA2vnfPJaUG":{"chainKey":{"counter":3,"key":"nwKJJ1Vd8u1hxGYPNbowph02YZ6zdYnVwpqNB53sKtk="},"chainType":2,"messageKeys":{}},"BbG9OLTo/KF2sag8Ea2K/WmyzSJ/v23q3iCwjildcy8U":{"chainKey":{"counter":-1,"key":"ALem346tjxV9hQcyfymizIRlJfcEXB8nLh5LWxXv9Lc="},"chainType":1,"messageKeys":{}}}}},"version":"v1"}