{"_sessions":{"BRJ840jYK6kVp+cSHfBKsKwLtMuK2nmPMRVl3tl1Oz5D":{"registrationId":284698172,"currentRatchet":{"ephemeralKeyPair":{"pubKey":"BWknteaOFAVCH8oOwndVrfG9XwS63U552AJ76UczkAIb","privKey":"0FgKH3KZBCUkWJJRdC7Qeb1vurTXsNJ36AiCBuztRUo="},"lastRemoteEphemeralKey":"BSW1sh3pbpTta1dbQkLLhZYxX1E0yVs3mt7mpaaKTLY/","previousCounter":0,"rootKey":"izdSnyjqecxpma6F97RxMZxkixRxm5LAuyYXNf6pNeE="},"indexInfo":{"baseKey":"BRJ840jYK6kVp+cSHfBKsKwLtMuK2nmPMRVl3tl1Oz5D","baseKeyType":2,"closed":-1,"used":1760641908544,"created":1760641908544,"remoteIdentityKey":"BYAUiSvRPCE8eYqFhuIlxo4NAhVpJfXUMNel+AZVIjhC"},"_chains":{"BSW1sh3pbpTta1dbQkLLhZYxX1E0yVs3mt7mpaaKTLY/":{"chainKey":{"counter":0,"key":"raDdKEimGYWUgq6DuEzwY+gROvqQB2fUzoOITtSoW1k="},"chainType":2,"messageKeys":{}},"BWknteaOFAVCH8oOwndVrfG9XwS63U552AJ76UczkAIb":{"chainKey":{"counter":1,"key":"BnIdKzA7HyLdsdl04jBjUFcY5alvPr6szpjrbRCjCS4="},"chainType":1,"messageKeys":{}}}}},"version":"v1"}