{"_sessions":{"BTByThNxSD3t7Neu4Hpd4NhAAPUd1rOYy1aLINL02AQf":{"registrationId":1652996211,"currentRatchet":{"ephemeralKeyPair":{"pubKey":"BZp2qGpAU4pmNWL6DthpfOrjYKvdoVfO3pLjWjXdYOhU","privKey":"IKpWXwEThheRCtULHdLyR1wJEz/p/XAcn9IZq7nPU0s="},"lastRemoteEphemeralKey":"BarkXGoArxKPDQEwd/cWUdVFw4gma4C12af7H8113/NV","previousCounter":0,"rootKey":"hRDLh/yh8qaxQHAgujl+ag/tfmgvMMB78QP393hPYhU="},"indexInfo":{"baseKey":"BTByThNxSD3t7Neu4Hpd4NhAAPUd1rOYy1aLINL02AQf","baseKeyType":2,"closed":1760645409088,"used":1760645407998,"created":1760645407998,"remoteIdentityKey":"Barmrp7oM1vOuW3Ixgpk7GV8gpv2MP6Guoc8KHiTZ+0+"},"_chains":{"BarkXGoArxKPDQEwd/cWUdVFw4gma4C12af7H8113/NV":{"chainKey":{"counter":0,"key":"lL5DhbP8yqkAXzpaMaiKnsgN507KKdHHoq57soSPNqU="},"chainType":2,"messageKeys":{}},"BZp2qGpAU4pmNWL6DthpfOrjYKvdoVfO3pLjWjXdYOhU":{"chainKey":{"counter":-1,"key":"03kIAcATRkWTgmoSKroVdfmzeRAZKjP0W8zBvol4zNw="},"chainType":1,"messageKeys":{}}}},"BTGktc8T+BEQzueEBtSysQ8wm3+23ny0U3r+tPmVucd0":{"registrationId":1652996211,"currentRatchet":{"ephemeralKeyPair":{"pubKey":"BQZ5tMtwrRpIh2fhXxEbE0XmB3scjM2f0+xv3ve//pAR","privKey":"qPxNG6S2UJ9o+XervPcz98WxgD+R6kBBnCjLteoV10E="},"lastRemoteEphemeralKey":"BRXBifgCTkxW0F+rTjVmmlXli5cR/gtCf/SLzFjRv8ZA","previousCounter":1,"rootKey":"I4ptnFUb6du1/QMJbdYcWIfR1vajcBtNlO27U3ijNkg="},"indexInfo":{"baseKey":"BTGktc8T+BEQzueEBtSysQ8wm3+23ny0U3r+tPmVucd0","baseKeyType":2,"closed":-1,"used":1760645719063,"created":1760645409089,"remoteIdentityKey":"Barmrp7oM1vOuW3Ixgpk7GV8gpv2MP6Guoc8KHiTZ+0+"},"_chains":{"BfKeLWkd4HoTqRwcwJ8kns+L10Oql4aDgUHds/DV1K54":{"chainKey":{"counter":0},"chainType":2,"messageKeys":{}},"Bco949D19wNL511Ho0BzK8p67JrJyuewmg38MBO4W4UH":{"chainKey":{"counter":0},"chainType":2,"messageKeys":{}},"BQbyCHjAFx2PIJuMbDJfjBrrEmii4Nb3VGcJxAV9OXo8":{"chainKey":{"counter":0},"chainType":2,"messageKeys":{}},"Bd2Bn3qX4sOOEtDXMuuXskXU2OqVOuQtyn05IQ9YEbcu":{"chainKey":{"counter":0},"chainType":2,"messageKeys":{}},"BWuSPMmVjey/bAcBmis4ykKmXM/mxWLXS3SE2oyD+DB1":{"chainKey":{"counter":0},"chainType":2,"messageKeys":{}},"BXfTz32PWWgVK+RlDqKfSAz65YOJbsGfdcsDxYOyL9BY":{"chainKey":{"counter":0},"chainType":2,"messageKeys":{}},"BddBVc8lSiiAf1wq3PBDWa7+vtJnNBgob7oDBvrP3VFq":{"chainKey":{"counter":1},"chainType":2,"messageKeys":{"0":"O/tEmH6U2TYIGjrJA9ygpmBgWgKPkYr/gJwjQe0QUM4="}},"BWoM4TGdmWZeRQOw9O+/eXs+rSg+08Wt+NNX+wmaa8QD":{"chainKey":{"counter":0},"chainType":2,"messageKeys":{}},"BZhz8ihD24frr4tBq6Zr/o+bCaNI+gwchPb4YumnY6Ec":{"chainKey":{"counter":0},"chainType":2,"messageKeys":{}},"BYLqe3NHh/GDeWGt9JVlfuWwCv8gdyoMNby4PqrxAgJM":{"chainKey":{"counter":0},"chainType":2,"messageKeys":{}},"BRXBifgCTkxW0F+rTjVmmlXli5cR/gtCf/SLzFjRv8ZA":{"chainKey":{"counter":0,"key":"zvl/6RMQtNgzqZ9xOnaRDE8Q0EgN1GafArvuFFKRFa4="},"chainType":2,"messageKeys":{}},"BQZ5tMtwrRpIh2fhXxEbE0XmB3scjM2f0+xv3ve//pAR":{"chainKey":{"counter":6,"key":"QK7p/sot1FkvV5IUbeXV4wU3ObBeutZjWDhDpgvP3zY="},"chainType":1,"messageKeys":{}}}}},"version":"v1"}