{"_sessions":{"BfPFHTalYpr67QSv39Y2bXROkXXC6mpCsr+A/3I/67ME":{"registrationId":1517124640,"currentRatchet":{"ephemeralKeyPair":{"pubKey":"BWLAz+5liCq4AFNecbtxbQ1L+B98HDcz0V5yHay7yYtt","privKey":"kItdJKq9HkTIqc3VmxvGfuYxnPe0RkC5jyUob5mIXks="},"lastRemoteEphemeralKey":"BbrhxwdiKhlRO/CViL3uTjbcRW7XypPdXmdZXf2+hXFG","previousCounter":1,"rootKey":"j7hk/e4o2zdjiTibnp7skRY/Wk+7UQBiq0f9WnWZohw="},"indexInfo":{"baseKey":"BfPFHTalYpr67QSv39Y2bXROkXXC6mpCsr+A/3I/67ME","baseKeyType":2,"closed":-1,"used":1760635046636,"created":1760633077843,"remoteIdentityKey":"BciI+54zo9YHT4glFdWDgkYkRolVPQJqm3m0sX0fC0ov"},"_chains":{"BX+DNmeYhJaTeKeaBN5IHZbr9PiWnA5zCh6qLxdL72VD":{"chainKey":{"counter":2},"chainType":2,"messageKeys":{}},"BVjs0MQWAp6fVFS8uSDIy3PJjbRSKd2B2p58sK+Y75Yt":{"chainKey":{"counter":0},"chainType":2,"messageKeys":{}},"Be2QL8v5Cp/deiiYRjztiuXXmeLc2llfQNTyLOpygEAo":{"chainKey":{"counter":0},"chainType":2,"messageKeys":{}},"BUPFkCNtGW7JR+FIri3dhUO3ZwqK4kSFokJexkP5hy0Q":{"chainKey":{"counter":0},"chainType":2,"messageKeys":{}},"BZP70E4MYkllOh74jyomnb2EjnXpqItW5UKOc1nA8idC":{"chainKey":{"counter":0},"chainType":2,"messageKeys":{}},"BbrhxwdiKhlRO/CViL3uTjbcRW7XypPdXmdZXf2+hXFG":{"chainKey":{"counter":0,"key":"mMxP4nX+vvKyVgjtDXocZDhtbYuDj23AH229v2c2WDQ="},"chainType":2,"messageKeys":{}},"BWLAz+5liCq4AFNecbtxbQ1L+B98HDcz0V5yHay7yYtt":{"chainKey":{"counter":6,"key":"WhQYL3sgIWP2Ky31c9t2S4J20MnUGXCbJsYQC57ZhVc="},"chainType":1,"messageKeys":{}}}}},"version":"v1"}