{"_sessions":{"BXr3TFr7QP8wUSxtxZHYVmuJzgvAxSEqE20/AI92Wnl2":{"registrationId":8553,"currentRatchet":{"ephemeralKeyPair":{"pubKey":"BRjBqxs56zZhmpELwv15B2Cu5+JlfvIrFJzEdzVPDhAP","privKey":"cMsNfm2OHU+eCGxJGxNCshNcPxjXRuxmm6/8/PhN6Xo="},"lastRemoteEphemeralKey":"BVNtkIrY6qV4SRnfLTapZYujWXcj2xgMe5hvoiPNm4pa","previousCounter":0,"rootKey":"2sRETj6AC5I9zc5vP1DfvGgzQ3OR6BLyn2EOyrN70Pg="},"indexInfo":{"baseKey":"BXr3TFr7QP8wUSxtxZHYVmuJzgvAxSEqE20/AI92Wnl2","baseKeyType":1,"closed":-1,"used":1761333062906,"created":1761333062906,"remoteIdentityKey":"BWIZfmJbdb/rygcioOqiit8P1RJdCKvLmXrT0xyO0dp3"},"_chains":{"BRjBqxs56zZhmpELwv15B2Cu5+JlfvIrFJzEdzVPDhAP":{"chainKey":{"counter":3,"key":"mdCM6+2aF2S2e4h3tdSzs4VX5NBhFUuPktephD/6yDI="},"chainType":1,"messageKeys":{}}},"pendingPreKey":{"signedKeyId":1,"baseKey":"BXr3TFr7QP8wUSxtxZHYVmuJzgvAxSEqE20/AI92Wnl2","preKeyId":509}}},"version":"v1"}