{"_sessions":{"BTcG7khE83O8b34+FGCNBqOURcqJ4lu/wUW4EBHekW96":{"registrationId":7636,"currentRatchet":{"ephemeralKeyPair":{"pubKey":"BWdKtcTMVQFg6asr2M261A+9wwOOdQIH1NFEYL/A5R0b","privKey":"YDOFYL0ShttlziVUdjstI78COLUPBIlsgEIxYDWhK1A="},"lastRemoteEphemeralKey":"BVcpZruasrmEnXkG3FQ3WX7GqGR06RwOXHYjSV6mwMos","previousCounter":0,"rootKey":"xX0iC2t0/Gdep7gz9FMo6esQQ+aqNmeuABnpvWQfE8c="},"indexInfo":{"baseKey":"BTcG7khE83O8b34+FGCNBqOURcqJ4lu/wUW4EBHekW96","baseKeyType":1,"closed":-1,"used":1761684743314,"created":1761684743314,"remoteIdentityKey":"BfMkEGgiaoe8ZXj1Tav8A+WHZZtgtUs1BG+dbtImzXh4"},"_chains":{"BWdKtcTMVQFg6asr2M261A+9wwOOdQIH1NFEYL/A5R0b":{"chainKey":{"counter":13,"key":"q7tgtp5yjPoX617t5Ljj1bsPU3Ob0gnLgWpVF0q/z7I="},"chainType":1,"messageKeys":{}}},"pendingPreKey":{"signedKeyId":1,"baseKey":"BTcG7khE83O8b34+FGCNBqOURcqJ4lu/wUW4EBHekW96","preKeyId":95}}},"version":"v1"}