{"_sessions":{"BTyfTVUSCeiJGrcOgXKRRmIAqwkeA2Pw9l1zO4VAAf8q":{"registrationId":6683,"currentRatchet":{"ephemeralKeyPair":{"pubKey":"BavspuBTao/MkYDyybHdEH5RzYeWuDjsQPSfbHDSROA/","privKey":"UJt5zgELkDbJYsYEQFgViDkAu0NxUXWOn1ZMEYvRz28="},"lastRemoteEphemeralKey":"BeaQvMwNGx4gpepzY+hT/2yyQFSGW9jVMEj4YBWuRQRK","previousCounter":153,"rootKey":"ywYgB21cdqglxGJAYDdrJBN8G9EctXfdb6DfE6ynGeI="},"indexInfo":{"baseKey":"BTyfTVUSCeiJGrcOgXKRRmIAqwkeA2Pw9l1zO4VAAf8q","baseKeyType":1,"closed":-1,"used":1760633582864,"created":1760553727258,"remoteIdentityKey":"BeW0g090nO0dOy+IO+4O9jhQs/S/fuZqj5qHMwKsflRb"},"_chains":{"BXGtZKUqXd2Cb+kS7JTVwkaDZGjGIuXNR2D/1iirXq8m":{"chainKey":{"counter":0},"chainType":2,"messageKeys":{}},"BVBD8EmxvGDG36WVc9HxuvVe6dRwpZpaLB4jAa/6sgJt":{"chainKey":{"counter":0},"chainType":2,"messageKeys":{}},"BeaQvMwNGx4gpepzY+hT/2yyQFSGW9jVMEj4YBWuRQRK":{"chainKey":{"counter":0,"key":"BdxdofiRbMG6uj5YjemWbwINAho+oEtnCsdhGrKGZig="},"chainType":2,"messageKeys":{}},"BavspuBTao/MkYDyybHdEH5RzYeWuDjsQPSfbHDSROA/":{"chainKey":{"counter":1140,"key":"bfRaIxQdrtMvIm9gL17/eqqJ6jez6pbReKSwANstJj8="},"chainType":1,"messageKeys":{}}}}},"version":"v1"}