{"_sessions":{"BZJpqLjPd9TQRlV7CIEjs7ZsnHs2n4XfTYAXs1fqaewd":{"registrationId":2125715438,"currentRatchet":{"ephemeralKeyPair":{"pubKey":"BS0tl4siztrYdGjaG/8DpOirz/acjVWPWOAfVKyZQjw1","privKey":"2K0NdrOBwMD6Q7FKCKtgepOtGgdt6J9nohuTPJLqJlM="},"lastRemoteEphemeralKey":"BWopnnG5x+QJXkNXDCXNKAjwE6fakXl4VKCGwoNL9H1i","previousCounter":0,"rootKey":"AMAybfrKUMsVV3WFL5806tDb0V5UQDyqtbhZuDFQ1Ao="},"indexInfo":{"baseKey":"BZJpqLjPd9TQRlV7CIEjs7ZsnHs2n4XfTYAXs1fqaewd","baseKeyType":2,"closed":-1,"used":1760833270868,"created":1760833270868,"remoteIdentityKey":"BYSYyc8wkW2vna9CfdbbqcCSZj+98ZCW0ZrBEdvPhdln"},"_chains":{"BWopnnG5x+QJXkNXDCXNKAjwE6fakXl4VKCGwoNL9H1i":{"chainKey":{"counter":0,"key":"oRKuTbvBUB18lUlOBg5oDOx2RBxPwmK+7HUep4nfwIw="},"chainType":2,"messageKeys":{}},"BS0tl4siztrYdGjaG/8DpOirz/acjVWPWOAfVKyZQjw1":{"chainKey":{"counter":-1,"key":"GseeJdv3aoitc/LN8+7MyhKYjZ6aKGKC0WkkJyxR/6U="},"chainType":1,"messageKeys":{}}}}},"version":"v1"}