{"_sessions":{"BRdjL8DHtHOKWefHgoMuP85Kkz/AntHiI6f9mWp9GeFg":{"registrationId":1574707847,"currentRatchet":{"ephemeralKeyPair":{"pubKey":"BYnt4eEMMvW+VnRn1wYKIcnHLvKg16wBdBrDuIqlG8o9","privKey":"AA/l3ET8iDJ+wShRf3t4K2TmxRmsa76YTHMGPwZtQUg="},"lastRemoteEphemeralKey":"BQl+NFVwnGhtm91aX8t2XRzgF/4ji9vYJaHMB42QnNIW","previousCounter":0,"rootKey":"vNqd31uQIuLl+AnrNqHbmfSAU3f5flt6eBdyYueoWNM="},"indexInfo":{"baseKey":"BRdjL8DHtHOKWefHgoMuP85Kkz/AntHiI6f9mWp9GeFg","baseKeyType":1,"closed":-1,"used":1761676116913,"created":1761676116913,"remoteIdentityKey":"Bdob1/viUhlPxzBCiwFKz9U/J1tKgcjmJxMEYRzqJBcy"},"_chains":{"BYnt4eEMMvW+VnRn1wYKIcnHLvKg16wBdBrDuIqlG8o9":{"chainKey":{"counter":1,"key":"pb8kxDYD7En6wrG5rn8/SMTmqRHJepDSNYy07hjVAKI="},"chainType":1,"messageKeys":{}}},"pendingPreKey":{"signedKeyId":3,"baseKey":"BRdjL8DHtHOKWefHgoMuP85Kkz/AntHiI6f9mWp9GeFg","preKeyId":1489}}},"version":"v1"}