{"_sessions":{"BWJuNIyEqriOFPq+aPFiy8MA5kiprwjLWJHTdU8YkrhL":{"registrationId":513512578,"currentRatchet":{"ephemeralKeyPair":{"pubKey":"BYMlOohg2BBAgDg1vMx2JtZkJfVjQtBcJLO7N1FymMRa","privKey":"oJq/xvlPxVRV1NrFyXZbAZwXMSkCzZnRZp2UkMa+DWA="},"lastRemoteEphemeralKey":"BW93imUtkERJxDOCiRjo3ZO3olJHuCrmxZGBqYdF2hoH","previousCounter":0,"rootKey":"kZG/QfAmkGgWcw6jh1pU+hVOO7cxgnZdzY56P0IDUMI="},"indexInfo":{"baseKey":"BWJuNIyEqriOFPq+aPFiy8MA5kiprwjLWJHTdU8YkrhL","baseKeyType":2,"closed":1761063655076,"used":1761063653957,"created":1761063653957,"remoteIdentityKey":"BX/fjSOnKKiLIuHIJmiJMKD0ci8gAD7Q31dRUg86rCFp"},"_chains":{"BW93imUtkERJxDOCiRjo3ZO3olJHuCrmxZGBqYdF2hoH":{"chainKey":{"counter":0,"key":"U0l4J31XeVzpOe3Z4txA5kJovZmIJ0bncU25ySmRrtI="},"chainType":2,"messageKeys":{}},"BYMlOohg2BBAgDg1vMx2JtZkJfVjQtBcJLO7N1FymMRa":{"chainKey":{"counter":-1,"key":"c/W8CsAykVBVxSN8+1gfRqojXCLcUwa+njc4xCG6gCs="},"chainType":1,"messageKeys":{}}}},"BfU0RgkIVbDGR+pm7y9PGhIm9ISH9Hy1S4sJYJHrVsAA":{"registrationId":513512578,"currentRatchet":{"ephemeralKeyPair":{"pubKey":"BRgOrw3M9Gouqo4PYJ1WnvXVMeN2hU/TMg+g8DeVuqYa","privKey":"0MSNmseD8yiR35mIiWgIGmmigsY0yExq/tixxe1pNVs="},"lastRemoteEphemeralKey":"BZv3AFuBrFEfdg0AL9XoalFe1m9RVEk1epE8dSIxYZYQ","previousCounter":1,"rootKey":"g8OB3btp6Ecm9cm36hA4BlD1qQ+A2hdpBxj2QyqgdjI="},"indexInfo":{"baseKey":"BfU0RgkIVbDGR+pm7y9PGhIm9ISH9Hy1S4sJYJHrVsAA","baseKeyType":2,"closed":-1,"used":1761076293779,"created":1761063655077,"remoteIdentityKey":"BX/fjSOnKKiLIuHIJmiJMKD0ci8gAD7Q31dRUg86rCFp"},"_chains":{"Ball1ZakheinF4LPNsTmCf0dqXiX17FdTPuyJnECOepf":{"chainKey":{"counter":1},"chainType":2,"messageKeys":{}},"BXTEEOjVZ+cgkCG37duEsiQufC0sGYgBzHwdacQknzIP":{"chainKey":{"counter":0},"chainType":2,"messageKeys":{}},"BUMEP28i2Ivp4F4VFxMCHEd4bI+71hZnwD5pl1N3isRX":{"chainKey":{"counter":0},"chainType":2,"messageKeys":{}},"BfGYbEV22fij8qiupeVZY/qlJCVi4HE/4vj4C6evqsRH":{"chainKey":{"counter":0},"chainType":2,"messageKeys":{}},"BRiaxj3bQrRULJnAsPZ42DlsxXLwN1LNaX/WQRkmO8MJ":{"chainKey":{"counter":0},"chainType":2,"messageKeys":{}},"BTfqDaR4jIEa/AmcTAmgS/96KVzoYXxtoTvDfE2dC+Vg":{"chainKey":{"counter":0},"chainType":2,"messageKeys":{}},"BVDHz4CDb4S6vUclz2YogtxCAlZxdVvwTpzcwXNCo5oT":{"chainKey":{"counter":2},"chainType":2,"messageKeys":{}},"BUAWJ2SDUyLpzBR4Z5gtx4iEFU9THxRlDS+/wO8o7ctj":{"chainKey":{"counter":0},"chainType":2,"messageKeys":{}},"Ba5Qy+3rdBYKwGyVyFDv5nN3Y/PGjOyeahEz/n/uaaEL":{"chainKey":{"counter":0},"chainType":2,"messageKeys":{}},"BQaNml99KDL6SgnDFZZPyJeT8vZfwKsg/Qo8bZf+mCo9":{"chainKey":{"counter":0},"chainType":2,"messageKeys":{}},"Ba7PycnISbczVdYT9Q0+dxdB0M7ZNhRPezNzQa4o7EQg":{"chainKey":{"counter":0},"chainType":2,"messageKeys":{}},"BZv3AFuBrFEfdg0AL9XoalFe1m9RVEk1epE8dSIxYZYQ":{"chainKey":{"counter":0,"key":"ojwNM2FIHDF1AL8+hhDfy1smlpbicmGpk9CKt4JdNx8="},"chainType":2,"messageKeys":{}},"BRgOrw3M9Gouqo4PYJ1WnvXVMeN2hU/TMg+g8DeVuqYa":{"chainKey":{"counter":6,"key":"hblSJ1STtr5y1F4mYy7sOc2yGuqHBhgZ+H2OEYOLjRI="},"chainType":1,"messageKeys":{}}}}},"version":"v1"}