{"_sessions":{"BTiH7u8yGqI/+KFSnMp0nbo4k9nu+bY6tER+dg7RFTsd":{"registrationId":983486953,"currentRatchet":{"ephemeralKeyPair":{"pubKey":"BazsSplpEZWbwXurRZgwo9fJHjaGjRryVgqk5JuRrFp6","privKey":"wF27FxdH2YOTlTBLHKE7a7+gqMlr7e+1akD2dGnxMX4="},"lastRemoteEphemeralKey":"BXaLy98L478dpXXsD+e7WqD7Aq+lw9YG6jxbXVJiI+YN","previousCounter":1,"rootKey":"SN4S9duPMjfygLykOqz54dBbO4K8DjQgLjEDejYhmFk="},"indexInfo":{"baseKey":"BTiH7u8yGqI/+KFSnMp0nbo4k9nu+bY6tER+dg7RFTsd","baseKeyType":2,"closed":-1,"used":1761595312404,"created":1761595160272,"remoteIdentityKey":"BRdKY72b46oUkhyfX35+DcrMIlMvhpeKbE32IUOM5mlJ"},"_chains":{"BWZyGA28z56lpsmh4wv9j0NrBjzUNV+IWCsfOZEoIwhg":{"chainKey":{"counter":0},"chainType":2,"messageKeys":{}},"BcSHyBlWRJhiXlllxyAV1IPDk5neiewcOTg41QaPYWZA":{"chainKey":{"counter":0},"chainType":2,"messageKeys":{}},"BeUOxUNb6s/PrF/Goaqwatn5I+/NtSnRNkQxnsQX218b":{"chainKey":{"counter":0},"chainType":2,"messageKeys":{}},"BT8hhK/9DKJFJ99OJN8ZDcblDUZef2tjnSnvlQxtSWgL":{"chainKey":{"counter":0},"chainType":2,"messageKeys":{}},"BcN7KtUsY8I0wCD/Pb9wXVnKTWL1jWGgQqghyH7u4sNT":{"chainKey":{"counter":0},"chainType":2,"messageKeys":{}},"BXaLy98L478dpXXsD+e7WqD7Aq+lw9YG6jxbXVJiI+YN":{"chainKey":{"counter":0,"key":"uPrjRq8govrT2OSfz+Ed78wXbM2P6x6zf1p48YkSa74="},"chainType":2,"messageKeys":{}},"BazsSplpEZWbwXurRZgwo9fJHjaGjRryVgqk5JuRrFp6":{"chainKey":{"counter":6,"key":"RnGtL+4UXbrCX7NvuGFyWg7YLmFWgj0ByvZZ3oW+Qx0="},"chainType":1,"messageKeys":{}}}}},"version":"v1"}