{"_sessions":{"BUWm3pazwgCuz0mFTDFc1phBLFY7A8Q5n2t0/OyAORcm":{"registrationId":1802638721,"currentRatchet":{"ephemeralKeyPair":{"pubKey":"BXoO3XAjwf66bL3STEIJPvMZxR3/KEFtRpplI8fVLt01","privKey":"YC/HYQRfCFTwIK9SFBNbzqkGDMeiAgfa7sl/7n62tF0="},"lastRemoteEphemeralKey":"BUqpq57pnqKOvy7GmBr1x5dx4htpReGqSp5vkMeMJWAv","previousCounter":0,"rootKey":"+gPdqRBxmaYZk4bShxN9kv+V4uwCBdN9wh7BFwlnD2M="},"indexInfo":{"baseKey":"BUWm3pazwgCuz0mFTDFc1phBLFY7A8Q5n2t0/OyAORcm","baseKeyType":2,"closed":-1,"used":1761684103155,"created":1760553539137,"remoteIdentityKey":"BXnSLPHcv4OlcCG/C1wANT/wc/Cs4oUdBCTGr2qUVlMT"},"_chains":{"BVBgZTWwvILxdUCwzlRdeTY5bmWbqnw1d6Uh41MQxWgF":{"chainKey":{"counter":6},"chainType":2,"messageKeys":{"1":"TUKXSX0rCT7LbC3WZ7RvTb2ummxrnKwrDxIHuxphR2M="}},"BbWuHDp3pmsgB5eMamYUIJ1FxSbqw7tTroWvOjkjObp+":{"chainKey":{"counter":0},"chainType":2,"messageKeys":{}},"BXlZ/wwkqcnImTfuecWVmYvrBiMFKEdC4hbB4OhMzDJ+":{"chainKey":{"counter":0},"chainType":2,"messageKeys":{}},"BV6ovb+zTU6DcryxQhCCIpJaVHX9I0PL+cw0aEW1r18S":{"chainKey":{"counter":0},"chainType":2,"messageKeys":{}},"BTBd4fNdkghQGdlZ/rjv1e78UnpAN4p+2eO1KJaLRep1":{"chainKey":{"counter":0},"chainType":2,"messageKeys":{}},"BQsq9HfIg88LYROhlRdVXhpPX8Zcr9DHqcKNTfH1Kw8P":{"chainKey":{"counter":0},"chainType":2,"messageKeys":{}},"BZuDlmIhsjswQK1snJyX2rbnuyRkbPyb3F413LZ7bAxj":{"chainKey":{"counter":0},"chainType":2,"messageKeys":{}},"BbD7EZHS2aFg7YHoECb7PL3FxrruwY8ojpHxPUrbqukE":{"chainKey":{"counter":0},"chainType":2,"messageKeys":{}},"Bbh3QmxdmEYX4EF41VxPFJISrovw+S5bJROmavHQt28m":{"chainKey":{"counter":0},"chainType":2,"messageKeys":{}},"BYeHt7Tmaf66HuAC98BnKRbKnFLSNlko+w9fnNjHKt4U":{"chainKey":{"counter":0},"chainType":2,"messageKeys":{}},"Bb+U99tLH1v5QLYtjCehKuiIwYSe1pV6uvZF7olOKVhZ":{"chainKey":{"counter":0},"chainType":2,"messageKeys":{}},"BUR2geeX13dIbFTHd1VETz67bUHdT/b0T6xwgKKPexVj":{"chainKey":{"counter":0},"chainType":2,"messageKeys":{}},"BWOYfW6R4PXNBeA+7hWM+d3Si1MoS1Wip9swmHoA2xws":{"chainKey":{"counter":0},"chainType":2,"messageKeys":{}},"BUheJiSv6Gsdd/fvJZBxFbH+iX5yiHxuBE5qKZEcZbI6":{"chainKey":{"counter":0},"chainType":2,"messageKeys":{}},"BbXlwjppv7yGsxdcGtsmhO/UXaRG3jfyutFOAiGCHSdY":{"chainKey":{"counter":0},"chainType":2,"messageKeys":{}},"BUL5ohx4Gaw7CcaR8HL0nKFXP3vg0HO6H0DHz7uNZa8o":{"chainKey":{"counter":0},"chainType":2,"messageKeys":{}},"BU4wxBlTKHBqpQj3EmLI72+aXlVMAkaCoHSV9VFmpwFV":{"chainKey":{"counter":0},"chainType":2,"messageKeys":{}},"BX9ZvHk49A9sqy7pfUPfnZp4XMxKupE7T572AFUBZFga":{"chainKey":{"counter":0},"chainType":2,"messageKeys":{}},"BeDGk6gaqDdBLgdsi8GDSb38LhNjUP19Ggwm2+BsO9lN":{"chainKey":{"counter":0},"chainType":2,"messageKeys":{}},"BTAUKApozf0Bod76JA8MiJhAECPIwGZHHN27PiTHfmMV":{"chainKey":{"counter":0},"chainType":2,"messageKeys":{}},"BffM+uHBN2f5D07c2HNRlBMkI1uFFXcgd08G0z+qrwoe":{"chainKey":{"counter":0},"chainType":2,"messageKeys":{}},"BSCuvy2WOJueFLQWFUab/IbeqCV1sLeUI5N0d8f4bPg/":{"chainKey":{"counter":0},"chainType":2,"messageKeys":{}},"BbeAhOZPr+w4sT2c1WvIfU1yMOdzfxNxlFZWVDUN+RtU":{"chainKey":{"counter":0},"chainType":2,"messageKeys":{}},"BUecKLHzSvpykdCQB+y865Mumb/yvr8lV4I5kK6Eggwb":{"chainKey":{"counter":0},"chainType":2,"messageKeys":{}},"BcSgfN6Q1+kHPHovA9AwEdsSt/M90RERmYIA8PV19BxP":{"chainKey":{"counter":0},"chainType":2,"messageKeys":{}},"BQpxypiajMBGqdXb5X41GisFpXVQtrG3vMExMlGsWzk6":{"chainKey":{"counter":0},"chainType":2,"messageKeys":{}},"BTUoaGpWfIKRxuARpRK7icGXj2v87rNHYpfUUSK0O08u":{"chainKey":{"counter":0},"chainType":2,"messageKeys":{}},"Be8a+mGDHlMW5eEMGanioNVFH2pgWPFyVTDeVaZYZ4Yr":{"chainKey":{"counter":0},"chainType":2,"messageKeys":{}},"Bfibs/BdPMTonIm+T3pkpa0C5ZvNqY82aXYBGa0LsGcx":{"chainKey":{"counter":0},"chainType":2,"messageKeys":{}},"BQ1azGPq75NGcnZmjcMVV3/EpFV92SOs5fk5B4Vm4RF+":{"chainKey":{"counter":0},"chainType":2,"messageKeys":{}},"BeRVnrFgzqPT6j+rmWIL2b+MXko99+i9ScQo1fhGwVo3":{"chainKey":{"counter":0},"chainType":2,"messageKeys":{}},"Ba9lR4eTUzQBUGQNpqH35iLepUFyaofULQczoHx+QC5T":{"chainKey":{"counter":0},"chainType":2,"messageKeys":{}},"BWlbDR6erf2f8kJSyNPQkS7heEe2xOpVoowzQa/MJ3YF":{"chainKey":{"counter":0},"chainType":2,"messageKeys":{}},"BYgI6rH0zAwoa0MQH0tbZpvZsRsanznMQ6qd6Oa+xLoG":{"chainKey":{"counter":0},"chainType":2,"messageKeys":{}},"BcKjX5si9sqZE3BD++OhUqj/KowpjofgUtkP4OgfOSJ6":{"chainKey":{"counter":0},"chainType":2,"messageKeys":{}},"BYbadDbdoHNtg+jqbsovaJYtjC89cwydTOkkM92STy0t":{"chainKey":{"counter":0},"chainType":2,"messageKeys":{}},"BV0L3tH5PBsnwghooXgCVLM+fRec7Gmiq1/FDnvZI5xs":{"chainKey":{"counter":0},"chainType":2,"messageKeys":{}},"Bbn15lv2nGRpbc6MZ4W+md6hzNq1iIlRpOtCGAnorzNR":{"chainKey":{"counter":0},"chainType":2,"messageKeys":{}},"BamdAZ1DfcRBHXm8K/JFJdH4wXJ1icjDRrAsSVTn1iVh":{"chainKey":{"counter":0},"chainType":2,"messageKeys":{}},"BR60BhM92B3Rinsxf82a6ZO0mpTcUgB1RlIj0i55m+gV":{"chainKey":{"counter":0},"chainType":2,"messageKeys":{}},"BcGhuZcd785uHGxVN+AveUUaSiD+GCSjhSxGPl4/3w09":{"chainKey":{"counter":0},"chainType":2,"messageKeys":{}},"BUfCG2unscHL7mnEB1NmmAr7izxB4dgwHw+UqyQGeNBV":{"chainKey":{"counter":0},"chainType":2,"messageKeys":{}},"BR1NFwgP62uAEUSi7/rf9wcctgeEq50ZCMNjLUhdHwdA":{"chainKey":{"counter":0},"chainType":2,"messageKeys":{}},"BWY18vLZgkFvDiY7fC4IctDDT0u5zOaarG7FlCzu2r5J":{"chainKey":{"counter":0},"chainType":2,"messageKeys":{}},"BQhhLcGIUuPzc99IxfHUHcGQgDvYrjJCAEOHvDZULrcQ":{"chainKey":{"counter":0},"chainType":2,"messageKeys":{}},"BcHHJ5bAiT8Dw5LmBOrMoTtgCE/nV1SDCwKlJnCIaR90":{"chainKey":{"counter":0},"chainType":2,"messageKeys":{}},"BRPEk+ZTLPd1ffYVNUIBDoHTVeipWx9ub3/rzw8D72kb":{"chainKey":{"counter":0},"chainType":2,"messageKeys":{}},"BcLDsTgVT8eTbt5m/UFDVSLbbLKL1o5qiDsHklmlAwxu":{"chainKey":{"counter":0},"chainType":2,"messageKeys":{}},"BbsqlBK3bPiULLhVb9D5PnYfjRWsx18sUF/ZEvbhckE+":{"chainKey":{"counter":0},"chainType":2,"messageKeys":{}},"BS9SA2tG/cnawOA8xBsaexviVpRsse9pHCgp+EzPoqp9":{"chainKey":{"counter":0},"chainType":2,"messageKeys":{}},"BXhhNtqcqWTfpRcgcXZeimxORTmypywOC8WXwYZXsJsg":{"chainKey":{"counter":0},"chainType":2,"messageKeys":{}},"BYL4DYMgabP0QM8CuImePv/JqT+BQrREgYDVsGjvdkJC":{"chainKey":{"counter":0},"chainType":2,"messageKeys":{}},"BbFewmyhzhwMcmpPqnVU4rqGIs3UPR7ZbsXJjv450WI6":{"chainKey":{"counter":0},"chainType":2,"messageKeys":{}},"BTHNkk1dPvrLKpzFzBqwgwEjmPFPWd8MpkCO2lGHhvEC":{"chainKey":{"counter":0},"chainType":2,"messageKeys":{}},"BSt5a/ErTStJMVDKu2B96Ul59cpd2wntgmHU3fz+P2c+":{"chainKey":{"counter":0},"chainType":2,"messageKeys":{}},"BYIGHW97dctwbwqHxs9mXsFU4xaaoAbmx6R6YBgyRZUn":{"chainKey":{"counter":0},"chainType":2,"messageKeys":{}},"BR3dWAtLcTmJktDvyVytDaxyOgvs2cA9sbYcJiW0EV8S":{"chainKey":{"counter":0},"chainType":2,"messageKeys":{}},"BS1ugXxJGSyTAQ5mU5+Xu8lC3wd41nPVZKokorl6Kaht":{"chainKey":{"counter":0},"chainType":2,"messageKeys":{}},"BVF28OJHgZPU9Ed7AEvR0zAHgcWwpaK8PB9oaD5FB09t":{"chainKey":{"counter":0},"chainType":2,"messageKeys":{}},"Be+1b6Zt2eOY3zRAMIqQyGGwOI/RMCSNbKNl6P2Bu5hA":{"chainKey":{"counter":0},"chainType":2,"messageKeys":{}},"BW3dRwraMFCiHayVwH1fMu+TDlosFizGC+a16nU83pUe":{"chainKey":{"counter":0},"chainType":2,"messageKeys":{}},"BThp8CKi2ZkT8qp78FwBV2R1vfxmVHgLmzk47pBDfg9N":{"chainKey":{"counter":0},"chainType":2,"messageKeys":{}},"BWlFwS/eGJ//ZjWi3m4Jmv/Mvbc2HO/sp99kIoqeMSBU":{"chainKey":{"counter":0},"chainType":2,"messageKeys":{}},"BX7K0Pn06TbhkFXKeEWJXKDlNGrQdx33gTVOjXXVsUJ0":{"chainKey":{"counter":0},"chainType":2,"messageKeys":{}},"BSowjwlwiOpslFfnEkiUrMyyqnmTF6RVctBXUxqSANRx":{"chainKey":{"counter":0},"chainType":2,"messageKeys":{}},"BdTVisLGpTdGCOet5a5OPt/l4Fg67fIl+T0JE8s4ZRA0":{"chainKey":{"counter":0},"chainType":2,"messageKeys":{}},"BbTjY+ubDCMPjW2q3qrlB+2n8x6ctzmvtukI2SFD8xtE":{"chainKey":{"counter":1},"chainType":2,"messageKeys":{}},"Bf9mG8wMWlWyuuDw9P3fh/YTE3mpb05/sY8sVaualoJv":{"chainKey":{"counter":0},"chainType":2,"messageKeys":{}},"BQ7IOIHB8lEaz0zwdGmrWFZjgwf1KqGO11fU8j40PlE8":{"chainKey":{"counter":0},"chainType":2,"messageKeys":{}},"BQ56IPQzUCfknAyjUOA9z1DA2h3BR+9kx0UG4P36LzQ9":{"chainKey":{"counter":0},"chainType":2,"messageKeys":{}},"BTfp6KECCzEk/BrBzBLZ85qeYBErasrj7yPi3XWGuq1+":{"chainKey":{"counter":4},"chainType":2,"messageKeys":{}},"BeslULqPvRdh0SBtWqqozwmVfKN71tTjwhAWaF52zeZl":{"chainKey":{"counter":0},"chainType":2,"messageKeys":{}},"Bf13wtpEdQ4vdDWxYaAKG56xLRvJrDAbHGSLe4aaJqFG":{"chainKey":{"counter":2},"chainType":2,"messageKeys":{}},"Bafm3r968qgOa0MRu2b/tI/FnSI/0Bqw5FWxN+/G11tM":{"chainKey":{"counter":0},"chainType":2,"messageKeys":{}},"BcQHfdZGf1ZZAob/ys2WxnvEPC3y+VGy3i2BU3qnSoNZ":{"chainKey":{"counter":5},"chainType":2,"messageKeys":{}},"BTkIiL2bgSuPz47Ld1JlB4htE3o2ZECkmlo6bayLxblc":{"chainKey":{"counter":3},"chainType":2,"messageKeys":{}},"BbaFgrzPCwzGOSw1vmfl5Zso/493Ir/Lnp4DjbMl5RUv":{"chainKey":{"counter":5},"chainType":2,"messageKeys":{}},"BbTVFUSK7/GUn/OC9A0T9hHwKzxqnj08XaKXa06wQzBg":{"chainKey":{"counter":0},"chainType":2,"messageKeys":{}},"BYdgy7Emj6TWN3+RF2lSIVVYf35bJo7bZlcUfCmTAe9O":{"chainKey":{"counter":0},"chainType":2,"messageKeys":{}},"BSgp9j9I/3oBsmqIiJMM3lwwy2gjaigoMO1xB7YNiD9c":{"chainKey":{"counter":0},"chainType":2,"messageKeys":{}},"BW35kHFTKf3HrfWmnhOihYFp54pqqPQb5ycZA9O+RrxZ":{"chainKey":{"counter":0},"chainType":2,"messageKeys":{}},"BeI8KG6gUSiGnbl7M6Ho58vXRGr+PjqFqU0kjmvJN1kd":{"chainKey":{"counter":0},"chainType":2,"messageKeys":{}},"BYAAiUMwjagcR7Q4j+kMXSXyJAfjufSmcMMbMjT/+rwf":{"chainKey":{"counter":0},"chainType":2,"messageKeys":{}},"BZubncPSdwlc3p+BiVJj3OR6Qh9yT5tEH/UcjjN+zOtn":{"chainKey":{"counter":0},"chainType":2,"messageKeys":{}},"BZwzAbb0pygdpNALZUwWyFq20hCehY+3qERP3W3sbUds":{"chainKey":{"counter":0},"chainType":2,"messageKeys":{}},"BWDQqQ8X/ofsJHZD86fqSiVqrBP7QChg/LaGjAKYMgRN":{"chainKey":{"counter":0},"chainType":2,"messageKeys":{}},"BQ6ZXGF2Vt34I5OZN68sP23i8lJ0u9IdADbuDYy18fVF":{"chainKey":{"counter":0},"chainType":2,"messageKeys":{}},"BVy8c0rzt5brtWrLx0bl8KPpApQBQHydMHB5tMnQsIE3":{"chainKey":{"counter":0},"chainType":2,"messageKeys":{}},"BZxaQXR2LiaWZYXwdnzVGi7uK07z4vCCE/P4/ZxnE4MQ":{"chainKey":{"counter":0},"chainType":2,"messageKeys":{}},"Bai0ROnyNjCqU9juJX9VYltwNH1TTJrsVOFbeqAEL0wk":{"chainKey":{"counter":0},"chainType":2,"messageKeys":{}},"BSNjND2LYB3S9CrC8fy34Jcv5dSJWOd93NFyDstNi+ZK":{"chainKey":{"counter":0},"chainType":2,"messageKeys":{}},"BZMAn7BcUNsbDnsdwAfBARVf9TnxhcXDONRFfiJDwMEl":{"chainKey":{"counter":0},"chainType":2,"messageKeys":{}},"Bdp89AjxdsQmjd7JnkvTQz9Li46OV2lH1bluD8cHNmFo":{"chainKey":{"counter":0},"chainType":2,"messageKeys":{}},"BZDCDJZLDUewM2EhmMinU4feIs8lTDLTUnebIXYIpy0E":{"chainKey":{"counter":0},"chainType":2,"messageKeys":{}},"BVNBPOYpjAr22NmPqGg9u/EHsVKgMVPGNqUno2C248x9":{"chainKey":{"counter":0},"chainType":2,"messageKeys":{}},"BcCmIT8iXJorQMjdS2mCjwGhhETRVMvRRTMCUYGMIQs5":{"chainKey":{"counter":0},"chainType":2,"messageKeys":{}},"BfrhRVysvku7EG4QBeaoXi1aZnEPPpl8QKOURIudz6xB":{"chainKey":{"counter":0},"chainType":2,"messageKeys":{}},"BWXVXDtYnqTbreOXKEtycozlEhh2Q2EXB3v+cRx4R3Yz":{"chainKey":{"counter":0},"chainType":2,"messageKeys":{}},"BYZPMc5azWuZgrikII03LcjHW7KTKk0i/KYE/8Z0dXkq":{"chainKey":{"counter":0},"chainType":2,"messageKeys":{}},"BR81R7yoptO+w1FXA6epgmuhvFYFNNpqr9elnmyHm7Zp":{"chainKey":{"counter":0},"chainType":2,"messageKeys":{}},"BdF0FrAXRdxPl78bKhLdlXeuJW0I0Qlo8Wj/oWL8GWRj":{"chainKey":{"counter":0},"chainType":2,"messageKeys":{}},"BaZRG1gnhR4xjE3XqzOGWKN7e4f9ZY0gOEKpHLNxD8I1":{"chainKey":{"counter":0},"chainType":2,"messageKeys":{}},"BbxSXIEOYfbTkbTp0rxZe0Uyvqne7ZswFyQ5+mOu3F5h":{"chainKey":{"counter":0},"chainType":2,"messageKeys":{}},"BQOpswZB1/QvhGstfocvd4WqZ56U9dsL47ttI37XXKJa":{"chainKey":{"counter":0},"chainType":2,"messageKeys":{}},"BRvMBn0OoNX7Lnea2lX2rG1P5qfqOJvCvxa/HJmic0Rw":{"chainKey":{"counter":0},"chainType":2,"messageKeys":{}},"BZDZweyjW/WIv/vllXDIl6qjbv5XxND5mDUAc1FjEbwx":{"chainKey":{"counter":0},"chainType":2,"messageKeys":{}},"BWJOc8jstV3j0+NdgaG/1Tj7J0SBlLnaYZ289fmDu2sR":{"chainKey":{"counter":0},"chainType":2,"messageKeys":{}},"BVOHI8i/ZxvN0MGXEIHuAz25hDwVVSxXMZ9D77Ov7hxe":{"chainKey":{"counter":0},"chainType":2,"messageKeys":{}},"BddVQjPBsQBIHfIrRJPW+Gzw5Kgz6zM5Dk1LoMkffuIb":{"chainKey":{"counter":0},"chainType":2,"messageKeys":{}},"BWwQBW59POb1aRvSfTNHJpRRir8fFgZXbYV0AQZxVspM":{"chainKey":{"counter":0},"chainType":2,"messageKeys":{}},"BaNtU9QcDYkrC+ATcPmJB5jKILSwd5FH0iq8+XDCH4Ew":{"chainKey":{"counter":0},"chainType":2,"messageKeys":{}},"Bd5nAV0CmYPvIQ3aoPOCiWdqJBnpZD7As7NyDB6/m7l6":{"chainKey":{"counter":0},"chainType":2,"messageKeys":{}},"Ba1ksoXTKft2qlMyJUf2ASJmGnXKhjsKloOcGjnFtSJD":{"chainKey":{"counter":0},"chainType":2,"messageKeys":{}},"BWdl0sAeN+/j2IXSAOsoDeDkTx4e59KYoYYVtFfhhrN2":{"chainKey":{"counter":0},"chainType":2,"messageKeys":{}},"BTafHwpwvNvSR/nKKeZZIuyIwUjUahq9lT0gTeFR+C1b":{"chainKey":{"counter":0},"chainType":2,"messageKeys":{}},"BX+gT26VC903BC6XbPr3XlvUpedS6Jk58BgcOVRkX8N6":{"chainKey":{"counter":0},"chainType":2,"messageKeys":{}},"BeGlcFwLkKQYGwIpzAdiFybZRj/yIVl8hwe0jXaztA8u":{"chainKey":{"counter":0},"chainType":2,"messageKeys":{}},"BYak9+440fP+o9jNB8EojRC5aNlnRXTSoRnHuS86v5U8":{"chainKey":{"counter":0},"chainType":2,"messageKeys":{}},"BZKolLZnP/bLbqJ08rPlDrWwpUxr2s2+BQhV2lRlSVRv":{"chainKey":{"counter":0},"chainType":2,"messageKeys":{}},"BTVKGTo6c2XLIj1Ce+z4rzUi1JngLzYAmbAQrFmgSJYY":{"chainKey":{"counter":0},"chainType":2,"messageKeys":{}},"BWVyVTc7we/bESVxAGqAfLCVeZHIkbNtZghkyZwF8vBu":{"chainKey":{"counter":0},"chainType":2,"messageKeys":{}},"BQElsvRlNDHqzGZSRyqZ7tEuei3tfe8weVcoXoK/QzEn":{"chainKey":{"counter":0},"chainType":2,"messageKeys":{}},"BXms5/nvxVa2MxdrDCYo2XA3zKnZBU+jpo3G8egSn6Al":{"chainKey":{"counter":0},"chainType":2,"messageKeys":{}},"BYZObQP7KAhD63hM2KL8aHkRcMO/Quzazw+6w18BU2Mm":{"chainKey":{"counter":0},"chainType":2,"messageKeys":{}},"BdOniBG9tndXJTthgz1uZW6MwxHU4I0/lIHgPoYtBkk1":{"chainKey":{"counter":0},"chainType":2,"messageKeys":{}},"BXh9Cd5Kxeyypp6FkFy20d48gwQjYqav3T8H9zp+HpBx":{"chainKey":{"counter":0},"chainType":2,"messageKeys":{}},"BYTxg9SLVgheLt9sWI1NcS340PWSX1ljvVTtYRNplW8r":{"chainKey":{"counter":0},"chainType":2,"messageKeys":{}},"BWlTgTucuGAlqMAl7huIXAEdFsWYakWUL23agLQk3tFG":{"chainKey":{"counter":0},"chainType":2,"messageKeys":{}},"BbQpjuTSble/UYQN9zv8uDQgVOH3t0hrEVobJGPPJy0t":{"chainKey":{"counter":0},"chainType":2,"messageKeys":{}},"BVGx6HQMQmri45gj7LyHVo0l4M414SjqC+SBo5UWigMc":{"chainKey":{"counter":0},"chainType":2,"messageKeys":{}},"BR8hTvgLiiju+ibjsnF4Db7yfIOV/OTF98HildPRF5tX":{"chainKey":{"counter":0},"chainType":2,"messageKeys":{}},"BQfLjqWT5MO+Ckncj7ylxfaBBAe1fbCCdtRo6kx+Wi5U":{"chainKey":{"counter":0},"chainType":2,"messageKeys":{}},"BVjKHPmj7Nm3Bgns4vitOCZg3sGu/AIGu4cegmtoqg8x":{"chainKey":{"counter":0},"chainType":2,"messageKeys":{}},"BYMnfHXQWpPpkTf2JNQR2vG13pGO49piV5Pe4nu14Ppg":{"chainKey":{"counter":0},"chainType":2,"messageKeys":{}},"Balxg/ijSO4ZUNVieT81omEdOxS0C3+TEK/xuz7hgmlb":{"chainKey":{"counter":0},"chainType":2,"messageKeys":{}},"BTgLkVi5JmxNdFKQQEBlAITX2ZxN+EQ8ViUY7PwPrZlu":{"chainKey":{"counter":0},"chainType":2,"messageKeys":{}},"BaDaVy27jXIVb8oYCBvPbuG+XgsjOb2FMNSi/Kt9zmtr":{"chainKey":{"counter":0},"chainType":2,"messageKeys":{}},"BRVvEOgl6GC6c9tYmkkbQBzjygppzbTk8qDEwM2bDP05":{"chainKey":{"counter":0},"chainType":2,"messageKeys":{}},"BcxuR/3g6qkrk4STZZ8XNJDg/xRrKe2KNNAkRJ/hkkQA":{"chainKey":{"counter":0},"chainType":2,"messageKeys":{}},"BZ5JGnudeOkNerPdEavoLLQYqVOSFz3/PsZQyZMPFvk6":{"chainKey":{"counter":0},"chainType":2,"messageKeys":{}},"Be2RyBstYaLzB6QoeiDcG8w/rtAD+wPV1mBL5ok2h+5G":{"chainKey":{"counter":0},"chainType":2,"messageKeys":{}},"Bdk4zEeGPQvSC5oD249LDm5fD1tq5U1L4NSRdlPprINR":{"chainKey":{"counter":0},"chainType":2,"messageKeys":{}},"BZJxzFZW+zH9wjkEvUByauHB3tebFNgTPdi+HMDkCAIK":{"chainKey":{"counter":0},"chainType":2,"messageKeys":{}},"BV1POVmLvYc6tXG21AxtNOvq44DgYBkhQQkQp4799cB8":{"chainKey":{"counter":0},"chainType":2,"messageKeys":{}},"Bb0zcIfsaalY63ZUW5ews6ceY1XcuPCZYFfKUBEscv8s":{"chainKey":{"counter":0},"chainType":2,"messageKeys":{}},"BaokEckUkpHjXLCvKBwRYek5aJGMnVH1q/BcBImmbQVt":{"chainKey":{"counter":0},"chainType":2,"messageKeys":{}},"BVuL3/yXN6q9MTq68HQwZ37ts3SuC7lRIDagia16mtNe":{"chainKey":{"counter":0},"chainType":2,"messageKeys":{}},"Bfq15EDfJH89Bxg4sZnXf4A+PW1lLZuj7UnobGrbi71A":{"chainKey":{"counter":0},"chainType":2,"messageKeys":{}},"BYzwNd7HaROzoGulkAL9BhTP7VUfEAAoSqmK8LTNV1wF":{"chainKey":{"counter":0},"chainType":2,"messageKeys":{}},"BWaZzW3QuDl8UpIRpLvpdm3e01+wpM6ej+pXQQI7z5MP":{"chainKey":{"counter":0},"chainType":2,"messageKeys":{}},"BZ2cSn1oP01BS7+40pIl7xK4C5pxeABduwAj0oKkkZFb":{"chainKey":{"counter":0},"chainType":2,"messageKeys":{}},"BY8yxtzw3NHfORoA6rpxiqEbGSy6C4pyHUntjJsA4BJt":{"chainKey":{"counter":0},"chainType":2,"messageKeys":{}},"Ba6iQcn5RObnzyKasYzCpukZGC0pnmOO6XDMWn9+4jgZ":{"chainKey":{"counter":0},"chainType":2,"messageKeys":{}},"BYUWso5eTfEdfMb6RCeMuHAlYnBzNi7vYWYHVuatE5Yk":{"chainKey":{"counter":0},"chainType":2,"messageKeys":{}},"BYm1dawbBdOfOwaWVtxgB/s97zhEiP5IKvwiJfXeVgZ1":{"chainKey":{"counter":0},"chainType":2,"messageKeys":{}},"BXIKzZ7r7JvQCTNUcptHCzonXrnEZ0co6ZWkt+uggx8q":{"chainKey":{"counter":0},"chainType":2,"messageKeys":{}},"BfEvSklvV3oxRBf29FtPbOVGG02aRPRz2CLWQ91SLb8P":{"chainKey":{"counter":0},"chainType":2,"messageKeys":{}},"BXgO64ic/bw8ydK3tS4uQLe2YvO4rj0z6/PN1KCqXW4O":{"chainKey":{"counter":0},"chainType":2,"messageKeys":{}},"BeZijChk3VMPoCe6gbjVBq3I3Ool6nECKdThVBYAQy0t":{"chainKey":{"counter":0},"chainType":2,"messageKeys":{}},"BTNtZwIrNV26qaBOHr6pKB8nb/WAyCTm28VSUbot67AU":{"chainKey":{"counter":0},"chainType":2,"messageKeys":{}},"BUErnc+gtvqSfKwE/1y+a5w1JizHRAOw2fgpHM+G7S1K":{"chainKey":{"counter":0},"chainType":2,"messageKeys":{}},"BX873V/9zodu2Z3Fv1RSMKm1pKPH1Z4v0HE6ZiCPgWQG":{"chainKey":{"counter":0},"chainType":2,"messageKeys":{}},"BVoxNGoGoX541s7MQE3nT7JT0agJrEFDBwms557Buet4":{"chainKey":{"counter":0},"chainType":2,"messageKeys":{}},"BVk1lZFy+oY+Hw3WmdTmH4dgaCh6Eyrv/oR9U7bp39wi":{"chainKey":{"counter":0},"chainType":2,"messageKeys":{}},"BQ2Zjg1vclPtErETBtyPYimjQfgrUpoDkeutmuDVFJ4s":{"chainKey":{"counter":0},"chainType":2,"messageKeys":{}},"BY3KKQIJPMRHPnwgkOQIkq+Jtg6e4Tp7aQoYnW7n1XQ4":{"chainKey":{"counter":0},"chainType":2,"messageKeys":{}},"BQyUrQqpOnHmOrr4YFB14G7U00sN+6KYYfnz5TsTb/Uu":{"chainKey":{"counter":0},"chainType":2,"messageKeys":{}},"BbxXF1yz3n4yKwESXTmtocELudH3t9SbzxMMSvBR7sMa":{"chainKey":{"counter":0},"chainType":2,"messageKeys":{}},"BWxAC+0W992fLkIXGXazJZ8hXo6PAroQgUiki8cuOug0":{"chainKey":{"counter":0},"chainType":2,"messageKeys":{}},"BQfhvLxMtmW1nR1Yzi2cHLFpYIfnzUkPp7YPIY5JdTN6":{"chainKey":{"counter":0},"chainType":2,"messageKeys":{}},"Bbz0M+VAyJDNibZbq0fo9HmMuej7dOSOYieh+bXgwIJZ":{"chainKey":{"counter":0},"chainType":2,"messageKeys":{}},"BWgMvvLlz2jU7aELaI4cBUcdb4+5mK/XlkWyEP5/DlRN":{"chainKey":{"counter":0},"chainType":2,"messageKeys":{}},"BemChW483CRdWvpBmmdZTrrSjKoAusawkmUey22N8Do8":{"chainKey":{"counter":0},"chainType":2,"messageKeys":{}},"BdNyTDrvjmArGqd+6v4Vn8x7abqpgTVZoRDqkaye49MF":{"chainKey":{"counter":0},"chainType":2,"messageKeys":{}},"BciAx0Oxc+T4vmwUz8QtstZC6+1tspUtQKF+/4f+RgJU":{"chainKey":{"counter":0},"chainType":2,"messageKeys":{}},"Ba7q5YKBT4AKJNP0vaG9Ul9lCtqc81COIjSD3eL1wakk":{"chainKey":{"counter":0},"chainType":2,"messageKeys":{}},"BVitEirPTVArtjde5WvKo+XEJF2SfWi8v19lFSG9poMz":{"chainKey":{"counter":0},"chainType":2,"messageKeys":{}},"BUtHRfCP7aviVXRetv9VtcqgLFR0e9J+/ExHZI6Vaeov":{"chainKey":{"counter":0},"chainType":2,"messageKeys":{}},"BUJTmyZWXi0S2Y5vsaIAgtaliR+vTGVJGXxkglsMQqIE":{"chainKey":{"counter":1},"chainType":2,"messageKeys":{}},"BUqpq57pnqKOvy7GmBr1x5dx4htpReGqSp5vkMeMJWAv":{"chainKey":{"counter":0,"key":"aSxB3SnhMxnP/g4S1SCiu5Y9Mu/JaFiw9deczrhIBpQ="},"chainType":2,"messageKeys":{}},"BXoO3XAjwf66bL3STEIJPvMZxR3/KEFtRpplI8fVLt01":{"chainKey":{"counter":1,"key":"TeSMw/iXyEDSLq+ZzaVK7BQPALZjBlehjvG1tlsHF7A="},"chainType":1,"messageKeys":{}}}}},"version":"v1"}