{"_sessions":{"BTlCT1xY1XCF1Aa0apdMJq2fyrEdchV9C/5tzdlIMxNx":{"registrationId":1581458100,"currentRatchet":{"ephemeralKeyPair":{"pubKey":"BXrzQrg73zTyic6O2f1v+5H/SIkQSBqqHJIcfy4O97QE","privKey":"kEKle9hgghcXRZLpMPmhhXYuTURKs/7zwEb2kan1bVY="},"lastRemoteEphemeralKey":"BQ1LCFokl2f864Mzl4UtSKWKhLnAhjBeXmzqhtgGgG4Z","previousCounter":0,"rootKey":"8gVPuslCu7RISnM5pcMk63fXRDrHLP/LE2e7ePCfDSk="},"indexInfo":{"baseKey":"BTlCT1xY1XCF1Aa0apdMJq2fyrEdchV9C/5tzdlIMxNx","baseKeyType":2,"closed":1761676112633,"used":1761676111109,"created":1761676111109,"remoteIdentityKey":"BXneQ9ir6ZqKNRSata1bxK8q8Dmsq1tlCIwdSK8/+GgF"},"_chains":{"BQ1LCFokl2f864Mzl4UtSKWKhLnAhjBeXmzqhtgGgG4Z":{"chainKey":{"counter":2,"key":"Fs3nH0D8hwJ+qdCcWbBfOzGMNW+jztJL0v5ArW0u7pc="},"chainType":2,"messageKeys":{}},"BXrzQrg73zTyic6O2f1v+5H/SIkQSBqqHJIcfy4O97QE":{"chainKey":{"counter":-1,"key":"telpKLX/rTSehhbloKsJese4DwWEVgKv4uUY2T3Kd8M="},"chainType":1,"messageKeys":{}}}},"BQUE8NT0H4+Shq45+N5E2Tjex99HKeJopV/Z8YvlgyN3":{"registrationId":1581458100,"currentRatchet":{"ephemeralKeyPair":{"pubKey":"BQLjqsSviOWqbl65Z22/B5YNDEdSEcuEpdFQlLO6ZlZu","privKey":"CJiK0y/ybUPCzhK1f9e/aryydQ4Nm0Topz85s5U7VU0="},"lastRemoteEphemeralKey":"Bd+6cpI5xu50wdbJmSIissYZVVwLBYcNHiIPZfUQHAV9","previousCounter":0,"rootKey":"edASAI01CmNVxRAolYR06NYHgWH9jryOVyTCCwYB8TA="},"indexInfo":{"baseKey":"BQUE8NT0H4+Shq45+N5E2Tjex99HKeJopV/Z8YvlgyN3","baseKeyType":2,"closed":-1,"used":1761676112634,"created":1761676112634,"remoteIdentityKey":"BXneQ9ir6ZqKNRSata1bxK8q8Dmsq1tlCIwdSK8/+GgF"},"_chains":{"Bd+6cpI5xu50wdbJmSIissYZVVwLBYcNHiIPZfUQHAV9":{"chainKey":{"counter":0,"key":"aq12QGRbVD9uofF4B2H88uz30H0KDLZ/+/OdK/S89oQ="},"chainType":2,"messageKeys":{}},"BQLjqsSviOWqbl65Z22/B5YNDEdSEcuEpdFQlLO6ZlZu":{"chainKey":{"counter":1,"key":"LvIb3gF7iDyThwwbSdGRCPYRijKquWCsEeTY7YIe5L4="},"chainType":1,"messageKeys":{}}}}},"version":"v1"}