{"_sessions":{"BRmUi/Hi0WhClsBdtbVB9+d/LrhfJus8+WQToq0pfV82":{"registrationId":82448507,"currentRatchet":{"ephemeralKeyPair":{"pubKey":"BYKEAIQnQSMJsFaBzhgyxD2ZLIi/QUduqxVRp7hqZ3Q/","privKey":"sA46mjHYc+GEr+e9SOpKHTuuHgqwsxXgdLsEoq0G4Xw="},"lastRemoteEphemeralKey":"BdRksHAq2FFF6Xuk4gRm+4W+7hCcZbGPzNOGuKnIDSID","previousCounter":0,"rootKey":"Ej5slFxqTw86bwOLT+2Ad5u/s3moXoU+WIwVfLS7yRQ="},"indexInfo":{"baseKey":"BRmUi/Hi0WhClsBdtbVB9+d/LrhfJus8+WQToq0pfV82","baseKeyType":1,"closed":-1,"used":1761595162280,"created":1761595162280,"remoteIdentityKey":"BQ+u5FoU587zaLoQHhFAMZpCiHk+r9/RI66IzwulHahc"},"_chains":{"BYKEAIQnQSMJsFaBzhgyxD2ZLIi/QUduqxVRp7hqZ3Q/":{"chainKey":{"counter":16,"key":"+X/NDSnapZg1dUYLajcOMvL9K5DlxQ2wgRKPTtH8ykA="},"chainType":1,"messageKeys":{}}},"pendingPreKey":{"signedKeyId":1,"baseKey":"BRmUi/Hi0WhClsBdtbVB9+d/LrhfJus8+WQToq0pfV82","preKeyId":121}}},"version":"v1"}