{"_sessions":{"BasLbOC7H5tU+dMSQD+Kx9H5hTjCWnEf/KrPkEF/XpRV":{"registrationId":1754501571,"currentRatchet":{"ephemeralKeyPair":{"pubKey":"BfDC4IzG+CHRiBnMmD9z8n7j4XuockGZ6XMs+S2kBOw9","privKey":"0Os2O3bl215ZZY3hetLhY8cVdapZ7Cb3PQ//kbCWQE4="},"lastRemoteEphemeralKey":"BWqTDUqg8iiJqRcxaKIGFAmw3hqn9mJ7pq2vlJXo5W5z","previousCounter":0,"rootKey":"aDtZb3LhbnTFlbVPjyGODOHukUXvf1vb7fOk1hfgXms="},"indexInfo":{"baseKey":"BasLbOC7H5tU+dMSQD+Kx9H5hTjCWnEf/KrPkEF/XpRV","baseKeyType":2,"closed":-1,"used":1761597347481,"created":1761593210251,"remoteIdentityKey":"BVzFpe6QMeX/QBWAhk4bstFtGx3xpaoaq1ShM3F/RAJs"},"_chains":{"BZLM9gynWiSZOxwSrCvJxMQf6/K0HZCQvY+0CAQ+HhpR":{"chainKey":{"counter":0},"chainType":2,"messageKeys":{}},"Bei3tA8qQTwX/4ty4WO4R9YrpNBkWdrXivRID/JQBzwQ":{"chainKey":{"counter":0},"chainType":2,"messageKeys":{}},"BWqTDUqg8iiJqRcxaKIGFAmw3hqn9mJ7pq2vlJXo5W5z":{"chainKey":{"counter":0,"key":"duR0pzZLxTC2Y91iRpi7j9RCVRdCJ1bfi8yqFJjaiF0="},"chainType":2,"messageKeys":{}},"BfDC4IzG+CHRiBnMmD9z8n7j4XuockGZ6XMs+S2kBOw9":{"chainKey":{"counter":1,"key":"cjvb8ongK7Oy5UbJLSEJ6GMxrs0FRzpYK2JxeO9Al6s="},"chainType":1,"messageKeys":{}}}}},"version":"v1"}