{"_sessions":{"BdxjC2oMd+1Kb1wTlyrtJQ3e8z2PBSNhP2ha0EAXv/EM":{"registrationId":1328841763,"currentRatchet":{"ephemeralKeyPair":{"pubKey":"Bd69MlyXp67Z7J9cpNGA2pVGpBaLykpdHMA9DAj7GzYn","privKey":"cNC3vX8PJFi0fwehoFH7wqxOIWEy08lTDVfAu6/g5n0="},"lastRemoteEphemeralKey":"BUXSLKiD9qOnoE7KzoXWfQMJ4QE8ytA8lwBW3VVaGJxQ","previousCounter":0,"rootKey":"MMFq0aHB7LN0yMaGaxw1Pl2S5BDfZSAHJv2+b+BQ0w8="},"indexInfo":{"baseKey":"BdxjC2oMd+1Kb1wTlyrtJQ3e8z2PBSNhP2ha0EAXv/EM","baseKeyType":2,"closed":1761056518226,"used":1761056517222,"created":1761056517222,"remoteIdentityKey":"BR0rVNwMir4PD5i3Gmz1e+3kCrk4+EEjafch8R2WQBJc"},"_chains":{"BUXSLKiD9qOnoE7KzoXWfQMJ4QE8ytA8lwBW3VVaGJxQ":{"chainKey":{"counter":0,"key":"8wLAr/Ihd9cNazEO7o2uk8PkI8jfita/1lySOMterv8="},"chainType":2,"messageKeys":{}},"Bd69MlyXp67Z7J9cpNGA2pVGpBaLykpdHMA9DAj7GzYn":{"chainKey":{"counter":-1,"key":"9/2csBN+CDIDpSQCN6FhXgMuUoRyqQSYfVgXNGZwZlA="},"chainType":1,"messageKeys":{}}}},"BQwGgq5O6uv6x8V0IIe948TgsqFCvtHRl4N4joXL7ZIQ":{"registrationId":1328841763,"currentRatchet":{"ephemeralKeyPair":{"pubKey":"BZ7kkSHEY3BM10go43PUDrdBNBFUXU21lPiaAuwgY6pd","privKey":"4LH1/6o10tmsEhTPNgtdOgYT8r5cgqP8gzN00IRpH30="},"lastRemoteEphemeralKey":"BThCnYcC8EVyWfuqfwdZqXKqw3+nXNBUTYOtUFHthucv","previousCounter":6,"rootKey":"K8hw9OAlcahf+7/Fd8HFZ8uy+Rq4nvoHHnLTiCHalNw="},"indexInfo":{"baseKey":"BQwGgq5O6uv6x8V0IIe948TgsqFCvtHRl4N4joXL7ZIQ","baseKeyType":2,"closed":-1,"used":1761087013645,"created":1761056518227,"remoteIdentityKey":"BR0rVNwMir4PD5i3Gmz1e+3kCrk4+EEjafch8R2WQBJc"},"_chains":{"BazdD6KCVAdhU7Ar6WArMCXX5Do4bZAeTqhWd8IVtNJ7":{"chainKey":{"counter":0},"chainType":2,"messageKeys":{}},"BTr+kMDFUu7+nfCak/PbATm2BX+r/F8synI4O4PoAUZC":{"chainKey":{"counter":0},"chainType":2,"messageKeys":{}},"BdWTipATN6x5msTU/SJQfXAPeI1IHPpoXfgzh1zmi/UM":{"chainKey":{"counter":0},"chainType":2,"messageKeys":{}},"BWpow9yc3RkK8CD30AJGWmrEFd1MlDDMYLO7M9AEhKQr":{"chainKey":{"counter":0},"chainType":2,"messageKeys":{}},"BclwYfT0hnkqpLbYjBRvojKGdckpsbcCNTLI+qjbA2V4":{"chainKey":{"counter":0},"chainType":2,"messageKeys":{}},"BT5/TpyIHmz5VJZ9PyzAdJZDVwIklY+toqZ7UQr3dc1M":{"chainKey":{"counter":0},"chainType":2,"messageKeys":{}},"BThCnYcC8EVyWfuqfwdZqXKqw3+nXNBUTYOtUFHthucv":{"chainKey":{"counter":0,"key":"lyLcCMtgKAbYFU4OF+0BEW56qM3SgArohrW5YYqZ+DQ="},"chainType":2,"messageKeys":{}},"BZ7kkSHEY3BM10go43PUDrdBNBFUXU21lPiaAuwgY6pd":{"chainKey":{"counter":-1,"key":"NVoRCbmUWRwXNzdy50KmPsp6t595WZHx5vJvvyZgWi4="},"chainType":1,"messageKeys":{}}}}},"version":"v1"}