{"_sessions":{"BYySWB0e5IX5B1+9ODUd/qRros+V9vM5EnGlfG8nWjQE":{"registrationId":451945713,"currentRatchet":{"ephemeralKeyPair":{"pubKey":"BYa4FYR0NH6oMboqQ8SUBupvW1zknbuaglQqZnwV9I10","privKey":"cI+OXvh9XKMUg0QFe/3hsDAnIIhAPkDqq22jJrirakA="},"lastRemoteEphemeralKey":"BV8YyHWBUajQV/EZUYq7kT1QYfJrreVIgCthzN1eJb8Q","previousCounter":1,"rootKey":"p7UYHMKiVkYUzgftZodPYcK0w0BJooFzVZ6Z/IvtLSw="},"indexInfo":{"baseKey":"BYySWB0e5IX5B1+9ODUd/qRros+V9vM5EnGlfG8nWjQE","baseKeyType":2,"closed":-1,"used":1761598545589,"created":1761598276242,"remoteIdentityKey":"BVFKkXfLu93N0pCwrUduXE2v7iYbLSnJI+yAsEJsH4Ud"},"_chains":{"BfJPua2BrzjNb3CroYpv7GM9/3VD0sE+Id9fE6hc6s15":{"chainKey":{"counter":1},"chainType":2,"messageKeys":{}},"BVpuP0r+m0FuNFPauUIUDxrXt5MEDJPWIjmxSfPu/5oc":{"chainKey":{"counter":0},"chainType":2,"messageKeys":{}},"BQthwdctbgtwk6Obhs4tGGBN7FxlMokFzzIVbc4N3T8l":{"chainKey":{"counter":0},"chainType":2,"messageKeys":{}},"Bdc6HAzqJk7LvP3WC2jz/HH2ExHEEGQKpgSzoisf3CwR":{"chainKey":{"counter":0},"chainType":2,"messageKeys":{}},"Be0MZC14kEhFAd1PiyzmB7U1dcWdJE+R5tsgWFESVnYN":{"chainKey":{"counter":0},"chainType":2,"messageKeys":{}},"BV8YyHWBUajQV/EZUYq7kT1QYfJrreVIgCthzN1eJb8Q":{"chainKey":{"counter":0,"key":"e53+ChKzRzh/K4zC4YdTjDtrDbcVMGCPV/hkfNEigyE="},"chainType":2,"messageKeys":{}},"BYa4FYR0NH6oMboqQ8SUBupvW1zknbuaglQqZnwV9I10":{"chainKey":{"counter":6,"key":"G91yLaGDzDVQwh2JDKtn9BUR0YHyDnKgeNM0MhFfZZ4="},"chainType":1,"messageKeys":{}}}}},"version":"v1"}