{"_sessions":{"BbUzHwW0HJLZRpkqn9fxMOvTjarMtqOuT1aKfldHTFcm":{"registrationId":935769815,"currentRatchet":{"ephemeralKeyPair":{"pubKey":"BZiqWFlpRmmM4N/LfeiL+8JGeru8fx5iGgwYQkd7/HQX","privKey":"UOhGUZYe0l6gPrs5+vIokUKGjMrbDXR8x7+kzwMFZ1U="},"lastRemoteEphemeralKey":"BbDg9BezNDWK0pxTnPehZQpejEcoS1MMGrySzBjmKDc9","previousCounter":0,"rootKey":"VjsJW1itT/oWfe6RYzamLIRqKSZuYtP9GJFzUZEPH1Y="},"indexInfo":{"baseKey":"BbUzHwW0HJLZRpkqn9fxMOvTjarMtqOuT1aKfldHTFcm","baseKeyType":2,"closed":1761684742336,"used":1761684741313,"created":1761684741313,"remoteIdentityKey":"BbtWET65YzBekTXPlWfiC3Ofjob/efjDcBKO4lkMqA0b"},"_chains":{"BbDg9BezNDWK0pxTnPehZQpejEcoS1MMGrySzBjmKDc9":{"chainKey":{"counter":0,"key":"PuY3L6JPgZSnsntWSqo+NwgFZBP6WaZGG/1wtC20E9M="},"chainType":2,"messageKeys":{}},"BZiqWFlpRmmM4N/LfeiL+8JGeru8fx5iGgwYQkd7/HQX":{"chainKey":{"counter":-1,"key":"Vk4ik2ytl70mTub9JhmmolrkJaJHadqCLIyr/na/2wg="},"chainType":1,"messageKeys":{}}}},"BTsWitki0DIRkAQXiH+Jsa1h60rZPyk5AL4EVGeYMA5c":{"registrationId":935769815,"currentRatchet":{"ephemeralKeyPair":{"pubKey":"BbpzVRmcQzWNdsFDeTvtLjCzY0w51Yqi2Nlb8l9+zS40","privKey":"2Ft7FOT3rVjSytBYxeALKRgU2kFkbDvTnkqtCewc/VA="},"lastRemoteEphemeralKey":"BQR2n3bBZfmQ3nGxIzojjSoFrV6yuJAuzQaeGwW9VIE/","previousCounter":1,"rootKey":"ugGwr6UYrBGaXsj/oulcRcld1rwZHt+xL+iHDMZHcTA="},"indexInfo":{"baseKey":"BTsWitki0DIRkAQXiH+Jsa1h60rZPyk5AL4EVGeYMA5c","baseKeyType":2,"closed":-1,"used":1761684825585,"created":1761684742337,"remoteIdentityKey":"BbtWET65YzBekTXPlWfiC3Ofjob/efjDcBKO4lkMqA0b"},"_chains":{"BaHDYvyMLzkgbkTJq90mjlJaG/VM2iRZyDaq5uPr5Nc8":{"chainKey":{"counter":0},"chainType":2,"messageKeys":{}},"BRuqvx5ZbdFXFkwq6CCu6aSHqecGk2w/LE39Xhrkj6Mr":{"chainKey":{"counter":0},"chainType":2,"messageKeys":{}},"BSTqufA0ZR70Shw2XBZaDW8jP35BuO27WP/XLMxmSKF9":{"chainKey":{"counter":0},"chainType":2,"messageKeys":{}},"BVTIu9vITAG171JVbsYv03eXqmToQMiH9WVYmSXz3PR6":{"chainKey":{"counter":0},"chainType":2,"messageKeys":{}},"BRW66gap7RvY7qLHYK8uFnNYQxzrjfQrGKf1gcWK5pkf":{"chainKey":{"counter":0},"chainType":2,"messageKeys":{}},"BQR2n3bBZfmQ3nGxIzojjSoFrV6yuJAuzQaeGwW9VIE/":{"chainKey":{"counter":0,"key":"TBEaa/yDcNaDYJuuf+puqdcLMdicMBa629FnmQyORP4="},"chainType":2,"messageKeys":{}},"BbpzVRmcQzWNdsFDeTvtLjCzY0w51Yqi2Nlb8l9+zS40":{"chainKey":{"counter":1,"key":"ITh1ZLIcgBTUL7sWqrqZQHKWfY57m8kgwUL6gKTGNX4="},"chainType":1,"messageKeys":{}}}}},"version":"v1"}