{"_sessions":{"BZLPJXD3bIChyQN4lxrKFnQIcIo/pA2wYmS+TM7emjFm":{"registrationId":1358852929,"currentRatchet":{"ephemeralKeyPair":{"pubKey":"BdZhTv5/bnZaugD20jPxHg3fv7brABF5PmLtpZyNSXw5","privKey":"EG+kj5Y7is6HLBl/3Py6pEGLXkgGaE7u80spYOM3HHY="},"lastRemoteEphemeralKey":"BcasN09JtXuu+ffWjjMAbROMLO6GP1bD3akBE38JbwpI","previousCounter":0,"rootKey":"OVnsLYurgjkwyoYrqxQDKaWcljC/Bmfo2DYdkxapMr8="},"indexInfo":{"baseKey":"BZLPJXD3bIChyQN4lxrKFnQIcIo/pA2wYmS+TM7emjFm","baseKeyType":1,"closed":-1,"used":1761606297696,"created":1761606297696,"remoteIdentityKey":"Be8ux1XGYKXWJVj+Hnj9dxja6uVQ4KJqP3P4o1i01SN8"},"_chains":{"BdZhTv5/bnZaugD20jPxHg3fv7brABF5PmLtpZyNSXw5":{"chainKey":{"counter":27,"key":"DkfRFpx5KdnCBUCfy0oHX8HnREw7yZI7WSMtosbUMdk="},"chainType":1,"messageKeys":{}}},"pendingPreKey":{"signedKeyId":1,"baseKey":"BZLPJXD3bIChyQN4lxrKFnQIcIo/pA2wYmS+TM7emjFm","preKeyId":449}}},"version":"v1"}